timestamp,click,view,purchase,logout
2025-07-08T00:11:52.024604,1,0,0,0
2025-07-08T00:11:53.029802,1,1,0,0
2025-07-08T00:11:54.031583,1,1,1,0
2025-07-08T00:11:55.036099,1,1,2,0
2025-07-08T00:11:56.040756,1,1,3,0
2025-07-08T00:11:57.045376,1,1,4,0
2025-07-08T00:11:58.050550,1,2,4,0
2025-07-08T00:11:59.053727,1,2,5,0
2025-07-08T00:12:00.055401,1,2,5,1
2025-07-08T00:12:01.061026,2,2,5,1
2025-07-08T00:12:02.066172,2,2,5,2
2025-07-08T00:12:03.071610,2,2,6,2
2025-07-08T00:12:04.076833,2,2,6,3
2025-07-08T00:12:05.078837,2,3,6,3
2025-07-08T00:12:06.084842,2,4,6,3
2025-07-08T00:12:07.087005,2,4,7,3
2025-07-08T00:12:08.091033,2,4,7,4
2025-07-08T00:12:09.095173,2,5,7,4
2025-07-08T00:12:10.099006,2,5,7,5
2025-07-08T00:12:11.103515,2,5,8,5
2025-07-08T00:12:12.107487,2,5,9,5
2025-07-08T00:12:13.110985,2,5,9,6
2025-07-08T00:12:14.114858,2,5,10,6
2025-07-08T00:12:15.120007,2,5,10,7
2025-07-08T00:12:16.125427,2,6,10,7
2025-07-08T00:12:17.129778,2,7,10,7
2025-07-08T00:12:18.135319,2,7,11,7
2025-07-08T00:12:19.140800,2,8,11,7
2025-07-08T00:12:20.145071,2,9,11,7
2025-07-08T00:12:21.146689,3,9,11,7
2025-07-08T00:12:22.149284,3,9,12,7
2025-07-08T00:12:23.153457,3,10,12,7
2025-07-08T00:12:24.157533,3,11,12,7
2025-07-08T00:12:25.162971,3,11,13,7
2025-07-08T00:12:26.164578,4,11,13,7
2025-07-08T00:12:27.170042,4,11,14,7
2025-07-08T00:12:28.175368,4,11,14,8
2025-07-08T00:12:29.180739,4,11,15,8
2025-07-08T00:12:30.181758,5,11,15,8
2025-07-08T00:12:31.184818,6,11,15,8
2025-07-08T00:12:32.190344,6,11,16,8
2025-07-08T00:12:33.191614,6,11,16,9
2025-07-08T00:12:34.191824,6,12,16,9
2025-07-08T00:12:35.197206,7,12,16,9
2025-07-08T00:12:36.202359,8,12,16,9
2025-07-08T00:12:37.207827,9,12,16,9
2025-07-08T00:12:38.211827,9,12,16,10
2025-07-08T00:12:39.216788,9,13,16,10
2025-07-08T00:12:40.222141,9,13,17,10
2025-07-08T00:12:41.227285,9,13,17,11
2025-07-08T00:12:42.232768,9,13,17,12
2025-07-08T00:12:43.238187,9,14,17,12
2025-07-08T00:12:44.243597,9,15,17,12
2025-07-08T00:12:45.249053,10,15,17,12
2025-07-08T00:12:46.254063,10,15,18,12
2025-07-08T00:12:47.262207,11,15,18,12
2025-07-08T00:12:48.264666,11,15,18,13
2025-07-08T00:12:49.265930,11,15,19,13
2025-07-08T00:12:50.271195,11,16,19,13
2025-07-08T00:12:51.276291,11,16,20,13
2025-07-08T00:12:52.282368,11,16,20,14
2025-07-08T00:12:53.287960,11,17,20,14
2025-07-08T00:12:54.290372,12,17,20,14
2025-07-08T00:12:55.299537,13,17,20,14
2025-07-08T00:12:56.300692,13,18,20,14
2025-07-08T00:12:57.306943,13,19,20,14
2025-07-08T00:12:58.311985,13,20,20,14
2025-07-08T00:12:59.313932,13,20,21,14
2025-07-08T00:13:00.319407,13,21,21,14
2025-07-08T00:13:01.323966,14,21,21,14
2025-07-08T00:13:02.329492,14,21,21,15
2025-07-08T00:13:03.332851,15,21,21,15
2025-07-08T00:13:04.344002,15,22,21,15
2025-07-08T00:13:05.340259,15,22,21,16
2025-07-08T00:13:06.343402,15,22,22,16
2025-07-08T00:13:07.349008,16,22,22,16
2025-07-08T00:13:08.350674,17,22,22,16
2025-07-08T00:13:09.355575,17,22,23,16
2025-07-08T00:13:10.359752,18,22,23,16
2025-07-08T00:13:11.364829,19,22,23,16
2025-07-08T00:13:12.367480,19,22,23,17
2025-07-08T00:13:13.369000,19,22,23,18
2025-07-08T00:13:14.374414,19,22,23,19
2025-07-08T00:13:15.380440,20,22,23,19
2025-07-08T00:13:16.384692,20,23,23,19
2025-07-08T00:13:17.389754,20,23,24,19
2025-07-08T00:13:18.392701,20,23,24,20
2025-07-08T00:13:19.398346,20,23,25,20
2025-07-08T00:13:20.405613,20,23,26,20
2025-07-08T00:13:21.405599,20,23,26,21
2025-07-08T00:13:22.409543,20,24,26,21
2025-07-08T00:13:23.415107,20,25,26,21
2025-07-08T00:13:24.418450,20,25,27,21
2025-07-08T00:13:25.423516,20,26,27,21
2025-07-08T00:13:26.428725,20,26,28,21
2025-07-08T00:13:27.434373,20,27,28,21
2025-07-08T00:13:28.438962,21,27,28,21
2025-07-08T00:13:29.443346,21,27,29,21
2025-07-08T00:13:30.447413,21,27,30,21
2025-07-08T00:13:31.453578,21,28,30,21
2025-07-08T00:13:32.456384,22,28,30,21
2025-07-08T00:13:33.460699,22,28,30,22
2025-07-08T00:13:34.468320,22,29,30,22
2025-07-08T00:13:35.468361,22,29,31,22
2025-07-08T00:13:36.472602,22,29,31,23
2025-07-08T00:13:37.477781,22,29,32,23
2025-07-08T00:13:38.486793,22,29,32,24
2025-07-08T00:13:39.488883,22,30,32,24
2025-07-08T00:13:40.492701,23,30,32,24
2025-07-08T00:13:41.498081,23,31,32,24
2025-07-08T00:13:42.501084,24,31,32,24
2025-07-08T00:13:43.506517,24,31,32,25
2025-07-08T00:13:44.509629,24,31,33,25
2025-07-08T00:13:45.515067,24,32,33,25
2025-07-08T00:13:46.520530,24,32,34,25
2025-07-08T00:13:47.522133,25,32,34,25
2025-07-08T00:13:48.528517,25,33,34,25
2025-07-08T00:13:49.531551,25,34,34,25
2025-07-08T00:13:50.534295,25,35,34,25
2025-07-08T00:13:51.539299,25,35,34,26
2025-07-08T00:13:52.544659,25,35,34,27
2025-07-08T00:13:53.546251,25,36,34,27
2025-07-08T00:13:54.551296,25,36,35,27
2025-07-08T00:13:55.556721,25,37,35,27
2025-07-08T00:13:56.562214,26,37,35,27
2025-07-08T00:13:57.566102,26,37,36,27
2025-07-08T00:13:58.571598,26,38,36,27
2025-07-08T00:13:59.572673,26,38,36,28
2025-07-08T00:14:00.580382,26,39,36,28
2025-07-08T00:14:01.585872,27,39,36,28
2025-07-08T00:14:02.591210,27,39,36,29
2025-07-08T00:14:03.596334,27,40,36,29
2025-07-08T00:14:04.601563,27,40,36,30
2025-07-08T00:14:05.606685,28,40,36,30
2025-07-08T00:14:06.609376,28,41,36,30
2025-07-08T00:14:07.610255,28,41,36,31
2025-07-08T00:14:08.613313,28,41,37,31
2025-07-08T00:14:09.618530,28,41,38,31
2025-07-08T00:14:10.619452,28,41,39,31
2025-07-08T00:14:11.622413,28,41,40,31
2025-07-08T00:14:12.623558,28,42,40,31
2025-07-08T00:14:13.628685,29,42,40,31
2025-07-08T00:14:14.633904,30,42,40,31
2025-07-08T00:14:15.635449,30,43,40,31
2025-07-08T00:14:16.638213,30,43,40,32
2025-07-08T00:14:17.643346,30,44,40,32
2025-07-08T00:14:18.643950,30,45,40,32
2025-07-08T00:14:19.645688,30,45,41,32
2025-07-08T00:14:20.646695,31,45,41,32
2025-07-08T00:14:21.652223,31,46,41,32
2025-07-08T00:14:22.652751,31,46,41,33
2025-07-08T00:14:23.658030,31,47,41,33
2025-07-08T00:14:24.662610,31,47,42,33
2025-07-08T00:14:25.667555,31,48,42,33
2025-07-08T00:14:26.669463,31,48,43,33
2025-07-08T00:14:27.669908,31,48,44,33
2025-07-08T00:14:28.674830,32,48,44,33
2025-07-08T00:14:29.677086,33,48,44,33
2025-07-08T00:14:30.680967,34,48,44,33
2025-07-08T00:14:31.686058,34,49,44,33
2025-07-08T00:14:32.686804,34,50,44,33
2025-07-08T00:14:33.691998,34,50,45,33
2025-07-08T00:14:34.697303,34,50,46,33
2025-07-08T00:14:35.702774,34,50,46,34
2025-07-08T00:14:36.708264,34,50,46,35
2025-07-08T00:14:37.713017,34,51,46,35
2025-07-08T00:14:38.714097,34,52,46,35
2025-07-08T00:14:39.719549,34,52,46,36
2025-07-08T00:14:40.725629,34,52,47,36
2025-07-08T00:14:41.728370,34,52,47,37
2025-07-08T00:14:42.730900,34,52,47,38
2025-07-08T00:14:43.736316,34,52,48,38
2025-07-08T00:14:44.736825,34,52,49,38
2025-07-08T00:14:45.738071,35,52,49,38
2025-07-08T00:14:46.742222,35,53,49,38
2025-07-08T00:14:47.745567,35,53,49,39
2025-07-08T00:14:48.750993,35,53,50,39
2025-07-08T00:14:49.752659,35,53,51,39
2025-07-08T00:14:50.753612,35,54,51,39
2025-07-08T00:14:51.758807,35,55,51,39
2025-07-08T00:14:52.761465,35,55,51,40
2025-07-08T00:14:53.766695,35,56,51,40
2025-07-08T00:14:54.771908,35,56,52,40
2025-07-08T00:14:55.776039,35,57,52,40
2025-07-08T00:14:56.777885,35,57,52,41
2025-07-08T00:14:57.783437,35,57,52,42
2025-07-08T00:14:58.783936,36,57,52,42
2025-07-08T00:14:59.789336,36,57,53,42
2025-07-08T00:15:00.791100,36,57,54,42
2025-07-08T00:15:01.796369,36,57,54,43
2025-07-08T00:15:02.803195,36,58,54,43
2025-07-08T00:15:03.809486,36,58,54,44
2025-07-08T00:15:04.810945,36,59,54,44
2025-07-08T00:15:05.814240,36,59,55,44
2025-07-08T00:15:06.819353,36,59,56,44
2025-07-08T00:15:07.824398,36,59,57,44
2025-07-08T00:15:08.827888,36,59,57,45
2025-07-08T00:15:09.833979,36,59,58,45
2025-07-08T00:15:10.838181,37,59,58,45
2025-07-08T00:15:11.843414,38,59,58,45
2025-07-08T00:15:12.848848,38,59,58,46
2025-07-08T00:15:13.854345,39,59,58,46
2025-07-08T00:15:14.860200,39,59,58,47
2025-07-08T00:15:15.862337,39,59,58,48
2025-07-08T00:15:16.863038,39,60,58,48
2025-07-08T00:15:17.864548,39,60,59,48
2025-07-08T00:15:18.869727,39,60,60,48
2025-07-08T00:15:19.872055,39,60,61,48
2025-07-08T00:15:20.877444,39,61,61,48
2025-07-08T00:15:21.878817,39,62,61,48
2025-07-08T00:15:22.881976,39,62,62,48
2025-07-08T00:15:23.887226,39,62,62,49
2025-07-08T00:15:24.891535,39,63,62,49
2025-07-08T00:15:25.896763,39,63,63,49
2025-07-08T00:15:26.902220,40,63,63,49
2025-07-08T00:15:27.907396,41,63,63,49
2025-07-08T00:15:28.912885,41,64,63,49
2025-07-08T00:15:29.918398,42,64,63,49
2025-07-08T00:15:30.920921,42,64,63,50
2025-07-08T00:15:31.926391,43,64,63,50
2025-07-08T00:15:32.927544,43,64,63,51
2025-07-08T00:15:33.933075,43,65,63,51
2025-07-08T00:15:34.937622,43,65,63,52
2025-07-08T00:15:35.943119,43,65,64,52
2025-07-08T00:15:36.945905,43,66,64,52
2025-07-08T00:15:37.946396,43,66,64,53
2025-07-08T00:15:38.951809,43,66,64,54
2025-07-08T00:15:39.957126,44,66,64,54
2025-07-08T00:15:40.962603,45,66,64,54
2025-07-08T00:15:41.967765,45,66,65,54
2025-07-08T00:15:42.970293,45,66,65,55
2025-07-08T00:15:43.975850,45,67,65,55
2025-07-08T00:15:44.981807,45,67,65,56
2025-07-08T00:15:45.985408,45,67,65,57
2025-07-08T00:15:46.988444,45,67,66,57
2025-07-08T00:15:47.992534,46,67,66,57
2025-07-08T00:15:48.998108,47,67,66,57
2025-07-08T00:15:50.003597,48,67,66,57
2025-07-08T00:15:51.008259,48,67,66,58
2025-07-08T00:15:52.013714,48,67,66,59
2025-07-08T00:15:53.018797,48,68,66,59
2025-07-08T00:15:54.024323,49,68,66,59
2025-07-08T00:15:55.029757,50,68,66,59
2025-07-08T00:15:56.032513,50,68,67,59
2025-07-08T00:15:57.037354,50,69,67,59
2025-07-08T00:15:58.042455,50,70,67,59
2025-07-08T00:15:59.048649,50,71,67,59
2025-07-08T00:16:00.049124,51,71,67,59
2025-07-08T00:16:01.054538,52,71,67,59
2025-07-08T00:16:02.058939,52,71,67,60
2025-07-08T00:16:03.063992,53,71,67,60
2025-07-08T00:16:04.069496,53,71,67,61
2025-07-08T00:16:05.074107,54,71,67,61
2025-07-08T00:16:06.077841,55,71,67,61
2025-07-08T00:16:07.078232,55,71,68,61
2025-07-08T00:16:08.082453,55,71,68,62
2025-07-08T00:16:09.087953,56,71,68,62
2025-07-08T00:16:10.093414,56,71,68,63
2025-07-08T00:16:11.098864,56,71,68,64
2025-07-08T00:16:12.104677,56,71,68,65
2025-07-08T00:16:13.107242,56,72,68,65
2025-07-08T00:16:14.111206,56,73,68,65
2025-07-08T00:16:15.116771,56,74,68,65
2025-07-08T00:16:16.120059,56,74,69,65
2025-07-08T00:16:17.125815,56,74,69,66
2025-07-08T00:16:18.129591,56,74,70,66
2025-07-08T00:16:19.135129,57,74,70,66
2025-07-08T00:16:20.136859,57,75,70,66
2025-07-08T00:16:21.140866,57,75,70,67
2025-07-08T00:16:22.145985,57,75,70,68
2025-07-08T00:16:23.151174,58,75,70,68
2025-07-08T00:16:24.155109,59,75,70,68
2025-07-08T00:16:25.160282,59,76,70,68
2025-07-08T00:16:26.161558,60,76,70,68
2025-07-08T00:16:27.166712,60,77,70,68
2025-07-08T00:16:28.167022,61,77,70,68
2025-07-08T00:16:29.167692,61,77,71,68
2025-07-08T00:16:30.171895,61,77,71,69
2025-07-08T00:16:31.173044,61,77,71,70
2025-07-08T00:16:32.178047,61,77,72,70
2025-07-08T00:16:33.180165,61,77,72,71
2025-07-08T00:16:34.180928,61,77,72,72
2025-07-08T00:16:35.185799,61,77,72,73
2025-07-08T00:16:36.191172,61,77,72,74
2025-07-08T00:16:37.194821,61,78,72,74
2025-07-08T00:16:38.198644,61,78,72,75
2025-07-08T00:16:39.204049,61,79,72,75
2025-07-08T00:16:40.207114,61,79,73,75
2025-07-08T00:16:41.211855,61,79,74,75
2025-07-08T00:16:42.217329,61,79,74,76
2025-07-08T00:16:43.222316,61,79,75,76
2025-07-08T00:16:44.224529,62,79,75,76
2025-07-08T00:16:45.226410,62,80,75,76
2025-07-08T00:16:46.228379,62,80,76,76
2025-07-08T00:16:47.233906,63,80,76,76
2025-07-08T00:16:48.238969,63,81,76,76
2025-07-08T00:16:49.244578,63,81,76,77
2025-07-08T00:16:50.249230,63,81,76,78
2025-07-08T00:16:51.254538,63,81,77,78
2025-07-08T00:16:52.258277,63,81,77,79
2025-07-08T00:16:53.259485,63,81,78,79
2025-07-08T00:16:54.261818,63,82,78,79
2025-07-08T00:16:55.265425,63,82,78,80
2025-07-08T00:16:56.271302,64,82,78,80
2025-07-08T00:16:57.273705,64,82,79,80
2025-07-08T00:16:58.278589,64,83,79,80
2025-07-08T00:16:59.284220,65,83,79,80
2025-07-08T00:17:00.289240,65,83,80,80
2025-07-08T00:17:01.292147,65,83,81,80
2025-07-08T00:17:02.295487,65,83,81,81
2025-07-08T00:17:03.297281,65,83,82,81
2025-07-08T00:17:04.299257,65,83,83,81
2025-07-08T00:17:05.304727,65,84,83,81
2025-07-08T00:17:06.306955,66,84,83,81
2025-07-08T00:17:07.312201,66,85,83,81
2025-07-08T00:17:08.314301,66,85,84,81
2025-07-08T00:17:09.319484,66,85,84,82
2025-07-08T00:17:10.320895,66,85,84,83
2025-07-08T00:17:11.325002,66,86,84,83
2025-07-08T00:17:12.327898,66,87,84,83
2025-07-08T00:17:13.331726,66,87,84,84
2025-07-08T00:17:14.334333,66,87,85,84
2025-07-08T00:17:15.338158,66,88,85,84
2025-07-08T00:17:16.343134,66,88,86,84
2025-07-08T00:17:17.343893,67,88,86,84
2025-07-08T00:17:18.348718,68,88,86,84
2025-07-08T00:17:19.352513,68,88,87,84
2025-07-08T00:17:20.357795,69,88,87,84
2025-07-08T00:17:21.361267,70,88,87,84
2025-07-08T00:17:22.365272,71,88,87,84
2025-07-08T00:17:23.370777,71,88,88,84
2025-07-08T00:17:24.446901,71,89,88,84
2025-07-08T00:17:25.452373,72,89,88,84
2025-07-08T00:17:26.454465,72,90,88,84
2025-07-08T00:17:27.459944,72,90,88,85
2025-07-08T00:17:28.465299,72,90,88,86
2025-07-08T00:17:29.468311,72,90,89,86
2025-07-08T00:17:30.474695,72,90,90,86
2025-07-08T00:17:31.474959,73,90,90,86
2025-07-08T00:17:32.480474,74,90,90,86
2025-07-08T00:17:33.484353,74,91,90,86
2025-07-08T00:17:34.489580,74,91,90,87
2025-07-08T00:17:35.492632,74,92,90,87
2025-07-08T00:17:36.493312,75,92,90,87
2025-07-08T00:17:37.498734,75,93,90,87
2025-07-08T00:17:38.499844,75,94,90,87
2025-07-08T00:17:39.499908,75,95,90,87
2025-07-08T00:17:40.505908,75,95,91,87
2025-07-08T00:17:41.507400,75,95,92,87
2025-07-08T00:17:42.513471,75,95,93,87
2025-07-08T00:17:43.518504,75,95,93,88
2025-07-08T00:17:44.522843,75,95,94,88
2025-07-08T00:17:45.526499,75,95,94,89
2025-07-08T00:17:46.531004,75,95,94,90
2025-07-08T00:17:47.536558,75,95,95,90
2025-07-08T00:17:48.538541,75,95,95,91
2025-07-08T00:17:49.542185,75,95,96,91
2025-07-08T00:17:50.547632,75,96,96,91
2025-07-08T00:17:51.551513,75,96,97,91
2025-07-08T00:17:52.552798,75,96,98,91
2025-07-08T00:17:53.558978,75,97,98,91
2025-07-08T00:17:54.559300,76,97,98,91
2025-07-08T00:17:55.563571,76,97,98,92
2025-07-08T00:17:56.566134,76,97,99,92
2025-07-08T00:17:57.571620,76,98,99,92
2025-07-08T00:17:58.576839,76,98,100,92
2025-07-08T00:17:59.582181,76,98,100,93
2025-07-08T00:18:00.584329,76,98,100,94
2025-07-08T00:18:01.589398,76,98,100,95
2025-07-08T00:18:02.594123,76,98,101,95
2025-07-08T00:18:03.596147,77,98,101,95
2025-07-08T00:18:04.601670,78,98,101,95
2025-07-08T00:18:05.602049,79,98,101,95
2025-07-08T00:18:06.604825,79,98,101,96
2025-07-08T00:18:07.610209,79,99,101,96
2025-07-08T00:18:08.612432,79,100,101,96
2025-07-08T00:18:09.615730,79,100,102,96
2025-07-08T00:18:10.617349,80,100,102,96
2025-07-08T00:18:11.621606,81,100,102,96
2025-07-08T00:18:12.625356,81,101,102,96
2025-07-08T00:18:13.626382,82,101,102,96
2025-07-08T00:18:14.629913,83,101,102,96
2025-07-08T00:18:15.635169,83,101,102,97
2025-07-08T00:18:16.635902,83,101,102,98
2025-07-08T00:18:17.641201,84,101,102,98
2025-07-08T00:18:18.642737,84,101,102,99
2025-07-08T00:18:19.647121,84,102,102,99
2025-07-08T00:18:20.651127,84,102,102,100
2025-07-08T00:18:21.654907,85,102,102,100
2025-07-08T00:18:22.660436,86,102,102,100
2025-07-08T00:18:23.664660,86,103,102,100
2025-07-08T00:18:24.669228,86,104,102,100
2025-07-08T00:18:25.669208,86,105,102,100
2025-07-08T00:18:26.673813,86,105,102,101
2025-07-08T00:18:27.679274,86,105,103,101
2025-07-08T00:18:28.684950,87,105,103,101
2025-07-08T00:18:29.691975,87,105,103,102
2025-07-08T00:18:30.692665,87,106,103,102
2025-07-08T00:18:31.697705,87,106,104,102
2025-07-08T00:18:32.701089,88,106,104,102
2025-07-08T00:18:33.705964,88,107,104,102
2025-07-08T00:18:34.711290,89,107,104,102
2025-07-08T00:18:35.715368,90,107,104,102
2025-07-08T00:18:36.718066,90,107,104,103
2025-07-08T00:18:37.723529,91,107,104,103
2025-07-08T00:18:38.723854,91,108,104,103
2025-07-08T00:18:39.728102,91,109,104,103
2025-07-08T00:18:40.729514,91,109,105,103
2025-07-08T00:18:41.738007,91,109,105,104
2025-07-08T00:18:42.742885,92,109,105,104
2025-07-08T00:18:43.747083,92,109,106,104
2025-07-08T00:18:44.751377,92,110,106,104
2025-07-08T00:18:45.753976,92,110,106,105
2025-07-08T00:18:46.757545,93,110,106,105
2025-07-08T00:18:47.759170,93,111,106,105
2025-07-08T00:18:48.764565,94,111,106,105
2025-07-08T00:18:49.768667,94,111,107,105
2025-07-08T00:18:50.772783,94,111,108,105
2025-07-08T00:18:51.778755,95,111,108,105
2025-07-08T00:18:52.781803,95,111,108,106
2025-07-08T00:18:53.784910,95,112,108,106
2025-07-08T00:18:54.788157,95,112,108,107
2025-07-08T00:18:55.789253,96,112,108,107
2025-07-08T00:18:56.792252,97,112,108,107
2025-07-08T00:18:57.798214,97,112,108,108
2025-07-08T00:18:58.802578,97,112,108,109
2025-07-08T00:18:59.806961,97,113,108,109
2025-07-08T00:19:00.809624,97,113,108,110
2025-07-08T00:19:01.814904,97,113,109,110
2025-07-08T00:19:02.820385,97,113,110,110
2025-07-08T00:19:03.825850,98,113,110,110
2025-07-08T00:19:04.830993,98,114,110,110
2025-07-08T00:19:05.836468,98,115,110,110
2025-07-08T00:19:06.837076,99,115,110,110
2025-07-08T00:19:07.842539,99,115,110,111
2025-07-08T00:19:08.845339,99,116,110,111
2025-07-08T00:19:09.849049,100,116,110,111
2025-07-08T00:19:10.852329,101,116,110,111
2025-07-08T00:19:11.855848,101,116,111,111
2025-07-08T00:19:12.871537,101,117,111,111
2025-07-08T00:19:13.865328,101,118,111,111
2025-07-08T00:19:14.870445,102,118,111,111
2025-07-08T00:19:15.874400,102,118,112,111
2025-07-08T00:19:16.878849,102,118,113,111
2025-07-08T00:19:17.880544,102,118,114,111
2025-07-08T00:19:18.882807,103,118,114,111
2025-07-08T00:19:19.885792,103,119,114,111
2025-07-08T00:19:20.888206,103,119,115,111
2025-07-08T00:19:21.888116,103,119,115,112
2025-07-08T00:19:22.893364,104,119,115,112
2025-07-08T00:19:23.903567,104,119,115,113
2025-07-08T00:19:24.908396,104,119,115,114
2025-07-08T00:19:25.909693,104,119,115,115
2025-07-08T00:19:26.914400,104,119,116,115
2025-07-08T00:19:27.920623,104,120,116,115
2025-07-08T00:19:28.923911,104,120,116,116
2025-07-08T00:19:29.929246,104,121,116,116
2025-07-08T00:19:30.936621,104,121,116,117
2025-07-08T00:19:31.936690,105,121,116,117
2025-07-08T00:19:32.939367,106,121,116,117
2025-07-08T00:19:33.939676,106,121,117,117
2025-07-08T00:19:34.941542,106,121,117,118
2025-07-08T00:19:35.943469,107,121,117,118
2025-07-08T00:19:36.948722,107,121,117,119
2025-07-08T00:19:37.954164,107,121,117,120
2025-07-08T00:19:38.955710,107,121,117,121
2025-07-08T00:19:39.960985,107,121,118,121
2025-07-08T00:19:40.966546,107,121,119,121
2025-07-08T00:19:41.969072,107,122,119,121
2025-07-08T00:19:42.974582,107,122,120,121
2025-07-08T00:19:43.977255,107,122,120,122
2025-07-08T00:19:44.982709,107,122,120,123
2025-07-08T00:19:45.988159,107,122,120,124
2025-07-08T00:19:46.991698,107,122,120,125
2025-07-08T00:19:47.993483,107,123,120,125
2025-07-08T00:19:48.998904,108,123,120,125
2025-07-08T00:19:50.004140,108,123,121,125
2025-07-08T00:19:51.008195,109,123,121,125
2025-07-08T00:19:52.013218,109,124,121,125
2025-07-08T00:19:53.014856,109,124,121,126
2025-07-08T00:19:54.016969,109,124,122,126
2025-07-08T00:19:55.022441,109,125,122,126
2025-07-08T00:19:56.024609,109,126,122,126
2025-07-08T00:19:57.030778,109,126,123,126
2025-07-08T00:19:58.035688,109,127,123,126
2025-07-08T00:19:59.041117,110,127,123,126
2025-07-08T00:20:00.042546,110,128,123,126
2025-07-08T00:20:01.044381,111,128,123,126
2025-07-08T00:20:02.046646,111,128,123,127
2025-07-08T00:20:03.049787,111,129,123,127
2025-07-08T00:20:04.054656,111,129,123,128
2025-07-08T00:20:05.056888,111,129,123,129
2025-07-08T00:20:06.060263,112,129,123,129
2025-07-08T00:20:07.062047,113,129,123,129
2025-07-08T00:20:08.063655,113,130,123,129
2025-07-08T00:20:09.068455,113,131,123,129
2025-07-08T00:20:10.069201,113,131,123,130
2025-07-08T00:20:11.072626,113,131,123,131
2025-07-08T00:20:12.078115,113,131,123,132
2025-07-08T00:20:13.079483,113,131,124,132
2025-07-08T00:20:14.084956,113,132,124,132
2025-07-08T00:20:15.087532,113,132,124,133
2025-07-08T00:20:16.090237,113,132,125,133
2025-07-08T00:20:17.095687,113,132,125,134
2025-07-08T00:20:18.101103,113,133,125,134
2025-07-08T00:20:19.106536,113,133,126,134
2025-07-08T00:20:20.110778,113,133,127,134
2025-07-08T00:20:21.116237,113,133,127,135
2025-07-08T00:20:22.121379,113,133,127,136
2025-07-08T00:20:23.122145,114,133,127,136
2025-07-08T00:20:24.127206,114,133,128,136
2025-07-08T00:20:25.128244,115,133,128,136
2025-07-08T00:20:26.129020,115,133,128,137
2025-07-08T00:20:27.130332,115,133,128,138
2025-07-08T00:20:28.133128,115,134,128,138
2025-07-08T00:20:29.136556,115,135,128,138
2025-07-08T00:20:30.140606,115,135,128,139
2025-07-08T00:20:31.143554,115,135,128,140
2025-07-08T00:20:32.148983,115,135,129,140
2025-07-08T00:20:33.151851,115,136,129,140
2025-07-08T00:20:34.157324,115,136,130,140
2025-07-08T00:20:35.158609,116,136,130,140
2025-07-08T00:20:36.164163,117,136,130,140
2025-07-08T00:20:37.169207,117,136,130,141
2025-07-08T00:20:38.174680,117,136,130,142
2025-07-08T00:20:39.180154,117,136,131,142
2025-07-08T00:20:40.181227,117,137,131,142
2025-07-08T00:20:41.186725,117,137,132,142
2025-07-08T00:20:42.189844,117,137,133,142
2025-07-08T00:20:43.195039,117,138,133,142
2025-07-08T00:20:44.200701,117,139,133,142
2025-07-08T00:20:45.201226,118,139,133,142
2025-07-08T00:20:46.207025,119,139,133,142
2025-07-08T00:20:47.208019,120,139,133,142
2025-07-08T00:20:48.208931,120,140,133,142
2025-07-08T00:20:49.214452,120,140,134,142
2025-07-08T00:20:50.219795,120,141,134,142
2025-07-08T00:20:51.224074,120,141,135,142
2025-07-08T00:20:52.227256,120,141,136,142
2025-07-08T00:20:53.228064,120,141,137,142
2025-07-08T00:20:54.231606,120,141,138,142
2025-07-08T00:20:55.235944,121,141,138,142
2025-07-08T00:20:56.241247,121,141,139,142
2025-07-08T00:20:57.247314,121,141,139,143
2025-07-08T00:20:58.247929,122,141,139,143
2025-07-08T00:20:59.253108,122,141,139,144
2025-07-08T00:21:00.258638,122,141,139,145
2025-07-08T00:21:01.260862,122,141,139,146
2025-07-08T00:21:02.265993,122,141,140,146
2025-07-08T00:21:03.270282,122,141,140,147
2025-07-08T00:21:03.585053,1,0,0,0
2025-07-08T00:21:04.273585,122,141,141,147
2025-07-08T00:21:04.591276,1,1,0,0
2025-07-08T00:21:05.277922,122,141,141,148
2025-07-08T00:21:05.593731,1,1,1,0
2025-07-08T00:21:06.278478,122,142,141,148
2025-07-08T00:21:06.597618,2,1,1,0
2025-07-08T00:21:07.283709,122,142,142,148
2025-07-08T00:21:07.603936,2,1,1,1
2025-07-08T00:21:08.287251,123,142,142,148
2025-07-08T00:21:08.607027,3,1,1,1
2025-07-08T00:21:09.292436,123,142,142,149
2025-07-08T00:21:09.613767,3,1,1,2
2025-07-08T00:21:10.294410,123,142,142,150
2025-07-08T00:21:10.613697,3,1,1,3
2025-07-08T00:21:11.299609,123,142,142,151
2025-07-08T00:21:11.620176,4,1,1,3
2025-07-08T00:21:12.302003,124,142,142,151
2025-07-08T00:21:12.620981,4,1,2,3
2025-07-08T00:21:13.305918,124,142,142,152
2025-07-08T00:21:13.626403,4,1,2,4
2025-07-08T00:21:14.310146,125,142,142,152
2025-07-08T00:21:14.627666,5,1,2,4
2025-07-08T00:21:15.317553,125,142,143,152
2025-07-08T00:21:15.629079,5,1,3,4
2025-07-08T00:21:16.321594,125,142,144,152
2025-07-08T00:21:16.629076,5,1,3,5
2025-07-08T00:21:17.324322,125,143,144,152
2025-07-08T00:21:17.631440,5,1,3,6
2025-07-08T00:21:18.326051,125,143,144,153
2025-07-08T00:21:18.635531,5,2,3,6
2025-07-08T00:21:19.331135,125,143,145,153
2025-07-08T00:21:19.641009,5,3,3,6
2025-07-08T00:21:20.336685,126,143,145,153
2025-07-08T00:21:20.643976,5,4,3,6
2025-07-08T00:21:21.337935,126,143,145,154
2025-07-08T00:21:21.647756,5,4,4,6
2025-07-08T00:21:22.343479,126,143,145,155
2025-07-08T00:21:22.653428,6,4,4,6
2025-07-08T00:21:23.348452,126,143,146,155
2025-07-08T00:21:23.658871,7,4,4,6
2025-07-08T00:21:24.353611,126,143,147,155
2025-07-08T00:21:24.660523,7,4,5,6
2025-07-08T00:21:25.359156,127,143,147,155
2025-07-08T00:21:25.662438,8,4,5,6
2025-07-08T00:21:26.364421,127,143,147,156
2025-07-08T00:21:26.667193,8,5,5,6
2025-07-08T00:21:27.369240,127,143,147,157
2025-07-08T00:21:27.672546,8,5,5,7
2025-07-08T00:21:28.373187,127,143,147,158
2025-07-08T00:21:28.677992,8,6,5,7
2025-07-08T00:21:29.378310,127,144,147,158
2025-07-08T00:21:29.678707,8,6,5,8
2025-07-08T00:21:30.384201,127,144,148,158
2025-07-08T00:21:30.679877,8,6,5,9
2025-07-08T00:21:31.385655,128,144,148,158
2025-07-08T00:21:31.682576,8,6,5,10
2025-07-08T00:21:32.390363,128,145,148,158
2025-07-08T00:21:32.687866,8,6,5,11
2025-07-08T00:21:33.392236,128,145,148,159
2025-07-08T00:21:33.693167,8,7,5,11
2025-07-08T00:21:34.397353,128,145,149,159
2025-07-08T00:21:34.695591,8,7,6,11
2025-07-08T00:21:35.402839,129,145,149,159
2025-07-08T00:21:35.699607,9,7,6,11
2025-07-08T00:21:36.407319,129,145,150,159
2025-07-08T00:21:36.701951,9,8,6,11
2025-07-08T00:21:37.413281,129,146,150,159
2025-07-08T00:21:37.707512,9,8,7,11
2025-07-08T00:21:38.416906,129,146,151,159
2025-07-08T00:21:38.712717,9,9,7,11
2025-07-08T00:21:39.422013,129,147,151,159
2025-07-08T00:21:39.716502,9,9,8,11
2025-07-08T00:21:40.427594,129,147,151,160
2025-07-08T00:21:40.718691,9,9,8,12
2025-07-08T00:21:41.429527,129,148,151,160
2025-07-08T00:21:41.723769,10,9,8,12
2025-07-08T00:21:42.431827,129,149,151,160
2025-07-08T00:21:42.732154,10,9,8,13
2025-07-08T00:21:43.436701,130,149,151,160
2025-07-08T00:21:43.733503,10,9,9,13
2025-07-08T00:21:44.441599,130,150,151,160
2025-07-08T00:21:44.735382,10,9,9,14
2025-07-08T00:21:45.446892,130,150,151,161
2025-07-08T00:21:45.739601,10,9,9,15
2025-07-08T00:21:46.452996,130,150,152,161
2025-07-08T00:21:46.742069,10,9,10,15
2025-07-08T00:21:47.455579,131,150,152,161
2025-07-08T00:21:47.747646,10,10,10,15
2025-07-08T00:21:48.460732,131,150,152,162
2025-07-08T00:21:48.750238,11,10,10,15
2025-07-08T00:21:49.465855,131,151,152,162
2025-07-08T00:21:49.752377,11,10,10,16
2025-07-08T00:21:50.471192,132,151,152,162
2025-07-08T00:21:50.756485,11,10,11,16
2025-07-08T00:21:51.476075,132,151,152,163
2025-07-08T00:21:51.760328,11,10,12,16
2025-07-08T00:21:52.477737,132,151,153,163
2025-07-08T00:21:52.765887,11,10,12,17
2025-07-08T00:21:53.481604,132,151,154,163
2025-07-08T00:21:53.769425,12,10,12,17
2025-07-08T00:21:54.486760,132,151,155,163
2025-07-08T00:21:54.770338,12,11,12,17
2025-07-08T00:21:55.492763,133,151,155,163
2025-07-08T00:21:55.775364,12,11,13,17
2025-07-08T00:21:56.495171,134,151,155,163
2025-07-08T00:21:56.775599,13,11,13,17
2025-07-08T00:21:57.497151,134,151,155,164
2025-07-08T00:21:57.781092,13,11,14,17
2025-07-08T00:21:58.498232,135,151,155,164
2025-07-08T00:21:58.785679,13,11,14,18
2025-07-08T00:21:59.503248,136,151,155,164
2025-07-08T00:21:59.791128,13,12,14,18
2025-07-08T00:22:00.506492,137,151,155,164
2025-07-08T00:22:00.796576,14,12,14,18
2025-07-08T00:22:01.507902,137,151,155,165
2025-07-08T00:22:01.801179,14,12,15,18
2025-07-08T00:22:02.510673,137,152,155,165
2025-07-08T00:22:02.807117,15,12,15,18
2025-07-08T00:22:03.514942,137,153,155,165
2025-07-08T00:22:03.811119,15,12,16,18
2025-07-08T00:22:04.518239,137,153,155,166
2025-07-08T00:22:04.814298,15,12,17,18
2025-07-08T00:22:05.523537,137,153,155,167
2025-07-08T00:22:05.819167,15,12,17,19
2025-07-08T00:22:06.527872,137,153,156,167
2025-07-08T00:22:06.824178,15,12,17,20
2025-07-08T00:22:07.535092,137,153,156,168
2025-07-08T00:22:07.829213,15,12,17,21
2025-07-08T00:22:08.534669,138,153,156,168
2025-07-08T00:22:08.832343,15,13,17,21
2025-07-08T00:22:09.540405,138,153,156,169
2025-07-08T00:22:09.837337,15,13,17,22
2025-07-08T00:22:10.540844,138,153,156,170
2025-07-08T00:22:10.842959,15,13,17,23
2025-07-08T00:22:11.542680,139,153,156,170
2025-07-08T00:22:11.847994,15,14,17,23
2025-07-08T00:22:12.543083,139,154,156,170
2025-07-08T00:22:12.849140,15,14,17,24
2025-07-08T00:22:13.549413,139,155,156,170
2025-07-08T00:22:13.854808,15,14,17,25
2025-07-08T00:22:14.552214,139,156,156,170
2025-07-08T00:22:14.856464,15,15,17,25
2025-07-08T00:22:15.558888,139,156,156,171
2025-07-08T00:22:15.861922,15,15,18,25
2025-07-08T00:22:16.564124,139,157,156,171
2025-07-08T00:22:16.864099,15,15,18,26
2025-07-08T00:22:17.566187,139,157,157,171
2025-07-08T00:22:17.869406,15,15,19,26
2025-07-08T00:22:18.567196,139,157,157,172
2025-07-08T00:22:18.873756,15,15,20,26
2025-07-08T00:22:19.570958,139,157,157,173
2025-07-08T00:22:19.878560,16,15,20,26
2025-07-08T00:22:20.575019,140,157,157,173
2025-07-08T00:22:20.883641,16,15,21,26
2025-07-08T00:22:21.576473,140,158,157,173
2025-07-08T00:22:21.888652,16,16,21,26
2025-07-08T00:22:22.582384,140,159,157,173
2025-07-08T00:22:22.893886,16,16,22,26
2025-07-08T00:22:23.587483,140,159,157,174
2025-07-08T00:22:23.896436,16,16,23,26
2025-07-08T00:22:24.590678,140,160,157,174
2025-07-08T00:22:24.899063,16,16,24,26
2025-07-08T00:22:25.591188,141,160,157,174
2025-07-08T00:22:25.899603,16,16,25,26
2025-07-08T00:22:26.595035,141,161,157,174
2025-07-08T00:22:26.900941,17,16,25,26
2025-07-08T00:22:27.599968,141,161,158,174
2025-07-08T00:22:27.905006,17,17,25,26
2025-07-08T00:22:28.602577,141,161,159,174
2025-07-08T00:22:28.907155,17,17,25,27
2025-07-08T00:22:29.603987,142,161,159,174
2025-07-08T00:22:29.909133,17,17,25,28
2025-07-08T00:22:30.612391,142,161,159,175
2025-07-08T00:22:30.915620,18,17,25,28
2025-07-08T00:22:31.615651,142,162,159,175
2025-07-08T00:22:31.917723,18,17,25,29
2025-07-08T00:22:32.615765,143,162,159,175
2025-07-08T00:22:32.923569,18,18,25,29
2025-07-08T00:22:33.621052,144,162,159,175
2025-07-08T00:22:33.926307,18,18,25,30
2025-07-08T00:22:34.623270,144,162,159,176
2025-07-08T00:22:34.932427,18,19,25,30
2025-07-08T00:22:35.625472,145,162,159,176
2025-07-08T00:22:35.935076,18,20,25,30
2025-07-08T00:22:36.629105,145,162,160,176
2025-07-08T00:22:36.935604,18,20,25,31
2025-07-08T00:22:37.631559,145,163,160,176
2025-07-08T00:22:37.938069,18,21,25,31
2025-07-08T00:22:38.636969,145,163,160,177
2025-07-08T00:22:38.941568,18,21,26,31
2025-07-08T00:22:39.637224,145,164,160,177
2025-07-08T00:22:39.945316,18,22,26,31
2025-07-08T00:22:40.638615,145,165,160,177
2025-07-08T00:22:40.949389,19,22,26,31
2025-07-08T00:22:41.642997,145,165,160,178
2025-07-08T00:22:41.952754,19,23,26,31
2025-07-08T00:22:42.647836,145,166,160,178
2025-07-08T00:22:42.957599,19,24,26,31
2025-07-08T00:22:43.652386,145,166,161,178
2025-07-08T00:22:43.963098,19,24,27,31
2025-07-08T00:22:44.657516,145,166,161,179
2025-07-08T00:22:44.968439,19,25,27,31
2025-07-08T00:22:45.662780,146,166,161,179
2025-07-08T00:22:45.969344,20,25,27,31
2025-07-08T00:22:46.665688,146,166,162,179
2025-07-08T00:22:46.971980,21,25,27,31
2025-07-08T00:22:47.671218,146,166,163,179
2025-07-08T00:22:47.974815,21,26,27,31
2025-07-08T00:22:48.676682,146,166,163,180
2025-07-08T00:22:48.980083,21,26,28,31
2025-07-08T00:22:49.682567,146,166,163,181
2025-07-08T00:22:49.985598,21,27,28,31
2025-07-08T00:22:50.687788,146,167,163,181
2025-07-08T00:22:50.988476,21,27,28,32
2025-07-08T00:22:51.690460,146,167,163,182
2025-07-08T00:22:51.990182,22,27,28,32
2025-07-08T00:22:52.696347,146,167,163,183
2025-07-08T00:22:52.995411,23,27,28,32
2025-07-08T00:22:53.696749,147,167,163,183
2025-07-08T00:22:54.000105,23,27,29,32
2025-07-08T00:22:54.698400,147,168,163,183
2025-07-08T00:22:55.003655,24,27,29,32
2025-07-08T00:22:55.701743,147,168,164,183
2025-07-08T00:22:56.006831,25,27,29,32
2025-07-08T00:22:56.703093,148,168,164,183
2025-07-08T00:22:57.007160,26,27,29,32
2025-07-08T00:22:57.708496,148,168,164,184
2025-07-08T00:22:58.012694,27,27,29,32
2025-07-08T00:22:58.710958,148,168,165,184
2025-07-08T00:22:59.016516,27,28,29,32
2025-07-08T00:22:59.715454,148,169,165,184
2025-07-08T00:23:00.019346,28,28,29,32
2025-07-08T00:23:00.721008,149,169,165,184
2025-07-08T00:23:01.024897,28,28,30,32
2025-07-08T00:23:01.724300,150,169,165,184
2025-07-08T00:23:02.030265,29,28,30,32
2025-07-08T00:23:02.729764,151,169,165,184
2025-07-08T00:23:03.034317,29,29,30,32
2025-07-08T00:23:03.732517,152,169,165,184
2025-07-08T00:23:04.035193,29,29,30,33
2025-07-08T00:23:04.733354,152,170,165,184
2025-07-08T00:23:05.038521,29,29,31,33
2025-07-08T00:23:05.736840,152,170,165,185
2025-07-08T00:23:06.043146,30,29,31,33
2025-07-08T00:23:06.742043,152,170,166,185
2025-07-08T00:23:07.048659,30,29,32,33
2025-07-08T00:23:07.747556,153,170,166,185
2025-07-08T00:23:08.054128,30,29,33,33
2025-07-08T00:23:08.749253,154,170,166,185
2025-07-08T00:23:09.057025,30,29,33,34
2025-07-08T00:23:09.751095,155,170,166,185
2025-07-08T00:23:10.061734,30,29,34,34
2025-07-08T00:23:10.756478,155,170,167,185
2025-07-08T00:23:11.066984,30,29,34,35
2025-07-08T00:23:11.757414,155,170,168,185
2025-07-08T00:23:12.072497,30,29,35,35
2025-07-08T00:23:12.766394,156,170,168,185
2025-07-08T00:23:13.076185,30,29,35,36
2025-07-08T00:23:13.764908,156,170,168,186
2025-07-08T00:23:14.078375,30,30,35,36
2025-07-08T00:23:14.765625,156,171,168,186
2025-07-08T00:23:15.083930,30,30,36,36
2025-07-08T00:23:15.769451,156,172,168,186
2025-07-08T00:23:16.085724,30,30,36,37
2025-07-08T00:23:16.774540,157,172,168,186
2025-07-08T00:23:17.090329,30,31,36,37
2025-07-08T00:23:17.779778,157,172,169,186
2025-07-08T00:23:18.095763,30,31,36,38
2025-07-08T00:23:18.783497,157,172,170,186
2025-07-08T00:23:19.097072,30,32,36,38
2025-07-08T00:23:19.786184,158,172,170,186
2025-07-08T00:23:20.099721,30,33,36,38
2025-07-08T00:23:20.787822,158,172,171,186
2025-07-08T00:23:21.101025,30,34,36,38
2025-07-08T00:23:21.792101,158,172,172,186
2025-07-08T00:23:22.102540,30,35,36,38
2025-07-08T00:23:22.797416,158,173,172,186
2025-07-08T00:23:23.103227,30,35,37,38
2025-07-08T00:23:23.802885,158,174,172,186
2025-07-08T00:23:24.108851,30,35,37,39
2025-07-08T00:23:24.808086,158,174,172,187
2025-07-08T00:23:25.111916,31,35,37,39
2025-07-08T00:23:25.813466,158,174,173,187
2025-07-08T00:23:26.112032,32,35,37,39
2025-07-08T00:23:26.815416,158,174,174,187
2025-07-08T00:23:27.116064,32,35,38,39
2025-07-08T00:23:27.820712,159,174,174,187
2025-07-08T00:23:28.121346,32,35,39,39
2025-07-08T00:23:28.824046,159,175,174,187
2025-07-08T00:23:29.126647,32,36,39,39
2025-07-08T00:23:29.827859,159,175,174,188
2025-07-08T00:23:30.131867,32,36,40,39
2025-07-08T00:23:30.828852,159,175,174,189
2025-07-08T00:23:31.134185,32,36,40,40
2025-07-08T00:23:31.832496,159,175,175,189
2025-07-08T00:23:32.135346,32,37,40,40
2025-07-08T00:23:32.838105,159,175,175,190
2025-07-08T00:23:33.137859,32,37,41,40
2025-07-08T00:23:33.839866,159,175,175,191
2025-07-08T00:23:34.139585,32,38,41,40
2025-07-08T00:23:34.844257,160,175,175,191
2025-07-08T00:23:35.141110,32,39,41,40
2025-07-08T00:23:35.847307,161,175,175,191
2025-07-08T00:23:36.141851,32,39,42,40
2025-07-08T00:23:36.847724,161,175,175,192
2025-07-08T00:23:37.147393,32,39,43,40
2025-07-08T00:23:37.852892,162,175,175,192
2025-07-08T00:23:38.152629,32,39,44,40
2025-07-08T00:23:38.853694,162,176,175,192
2025-07-08T00:23:39.156772,32,40,44,40
2025-07-08T00:23:39.854181,162,177,175,192
2025-07-08T00:23:40.161203,32,40,44,41
2025-07-08T00:23:40.858161,162,177,176,192
2025-07-08T00:23:41.163421,33,40,44,41
2025-07-08T00:23:41.858652,162,177,177,192
2025-07-08T00:23:42.164798,34,40,44,41
2025-07-08T00:23:42.867471,162,178,177,192
2025-07-08T00:23:43.166448,34,40,44,42
2025-07-08T00:23:43.871967,162,178,177,193
2025-07-08T00:23:44.168426,35,40,44,42
2025-07-08T00:23:44.877375,162,178,177,194
2025-07-08T00:23:45.173769,35,40,45,42
2025-07-08T00:23:45.882732,162,179,177,194
2025-07-08T00:23:46.179146,35,40,46,42
2025-07-08T00:23:46.884541,162,180,177,194
2025-07-08T00:23:47.182053,36,40,46,42
2025-07-08T00:23:47.886149,162,180,178,194
2025-07-08T00:23:48.189292,36,40,47,42
2025-07-08T00:23:48.891704,162,180,178,195
2025-07-08T00:23:49.192495,36,40,48,42
2025-07-08T00:23:49.895168,162,180,178,196
2025-07-08T00:23:50.197828,36,40,48,43
2025-07-08T00:23:50.900625,162,180,178,197
2025-07-08T00:23:51.199107,36,40,49,43
2025-07-08T00:23:51.905686,162,180,179,197
2025-07-08T00:23:52.199794,36,41,49,43
2025-07-08T00:23:52.910917,162,180,180,197
2025-07-08T00:23:53.202451,36,41,50,43
2025-07-08T00:23:53.914913,162,181,180,197
2025-07-08T00:23:54.206505,36,42,50,43
2025-07-08T00:23:54.920871,162,181,180,198
2025-07-08T00:23:55.208199,36,42,51,43
2025-07-08T00:23:55.923694,162,181,181,198
2025-07-08T00:23:56.208685,36,43,51,43
2025-07-08T00:23:56.927634,162,181,182,198
2025-07-08T00:23:57.213402,36,43,51,44
2025-07-08T00:23:57.932417,163,181,182,198
2025-07-08T00:23:58.218865,36,43,52,44
2025-07-08T00:23:58.937895,163,181,182,199
2025-07-08T00:23:59.221019,36,44,52,44
2025-07-08T00:23:59.939424,163,181,183,199
2025-07-08T00:24:00.226143,36,44,52,45
2025-07-08T00:24:00.947437,163,181,183,200
2025-07-08T00:24:01.233577,36,44,52,46
2025-07-08T00:24:01.952092,163,181,184,200
2025-07-08T00:24:02.237172,36,45,52,46
2025-07-08T00:24:02.957656,164,181,184,200
2025-07-08T00:24:03.242568,37,45,52,46
2025-07-08T00:24:03.958627,164,181,185,200
2025-07-08T00:24:04.247138,37,46,52,46
2025-07-08T00:24:04.960477,165,181,185,200
2025-07-08T00:24:05.247828,37,46,53,46
2025-07-08T00:24:05.965958,165,181,186,200
2025-07-08T00:24:06.252894,37,47,53,46
2025-07-08T00:24:06.970405,165,181,187,200
2025-07-08T00:24:07.258328,37,47,53,47
2025-07-08T00:24:07.975855,165,181,187,201
2025-07-08T00:24:08.263761,37,47,53,48
2025-07-08T00:24:08.981005,166,181,187,201
2025-07-08T00:24:09.265748,37,47,54,48
2025-07-08T00:24:09.983671,167,181,187,201
2025-07-08T00:24:10.269550,37,47,55,48
2025-07-08T00:24:10.989265,168,181,187,201
2025-07-08T00:24:11.274485,37,47,56,48
2025-07-08T00:24:11.994481,169,181,187,201
2025-07-08T00:24:12.279646,37,47,56,49
2025-07-08T00:24:13.000152,170,181,187,201
2025-07-08T00:24:13.284438,37,48,56,49
2025-07-08T00:24:14.003029,170,181,187,202
2025-07-08T00:24:14.286118,38,48,56,49
2025-07-08T00:24:15.004997,170,181,187,203
2025-07-08T00:24:15.293019,38,48,56,50
2025-07-08T00:24:16.008367,171,181,187,203
2025-07-08T00:24:16.294093,39,48,56,50
2025-07-08T00:24:17.013724,171,182,187,203
2025-07-08T00:24:17.300643,39,48,57,50
2025-07-08T00:24:18.017745,171,183,187,203
2025-07-08T00:24:18.301051,39,48,58,50
2025-07-08T00:24:19.019349,172,183,187,203
2025-07-08T00:24:19.306471,39,48,59,50
2025-07-08T00:24:20.024913,172,184,187,203
2025-07-08T00:24:20.309211,39,48,60,50
2025-07-08T00:24:21.027390,173,184,187,203
2025-07-08T00:24:21.312505,39,48,61,50
2025-07-08T00:24:22.032698,174,184,187,203
2025-07-08T00:24:22.313871,39,49,61,50
2025-07-08T00:24:23.034940,174,184,187,204
2025-07-08T00:24:23.316346,40,49,61,50
2025-07-08T00:24:24.037076,174,184,187,205
2025-07-08T00:24:24.319794,41,49,61,50
2025-07-08T00:24:25.038716,174,184,188,205
2025-07-08T00:24:25.320241,42,49,61,50
2025-07-08T00:24:26.043920,174,184,188,206
2025-07-08T00:24:26.325382,43,49,61,50
2025-07-08T00:24:27.045724,174,184,188,207
2025-07-08T00:24:27.326624,43,50,61,50
2025-07-08T00:24:28.048309,174,184,189,207
2025-07-08T00:24:28.331825,43,50,62,50
2025-07-08T00:24:29.053587,174,185,189,207
2025-07-08T00:24:29.332115,43,50,62,51
2025-07-08T00:24:30.060742,174,186,189,207
2025-07-08T00:24:30.337586,44,50,62,51
2025-07-08T00:24:31.062717,174,186,190,207
2025-07-08T00:24:31.341348,45,50,62,51
2025-07-08T00:24:32.064764,174,186,190,208
2025-07-08T00:24:32.346839,46,50,62,51
2025-07-08T00:24:33.065285,174,186,191,208
2025-07-08T00:24:33.349102,47,50,62,51
2025-07-08T00:24:34.067433,175,186,191,208
2025-07-08T00:24:34.353859,47,50,62,52
2025-07-08T00:24:35.069258,176,186,191,208
2025-07-08T00:24:35.355040,47,51,62,52
2025-07-08T00:24:36.074731,177,186,191,208
2025-07-08T00:24:36.356096,47,51,63,52
2025-07-08T00:24:37.079718,177,187,191,208
2025-07-08T00:24:37.357886,47,52,63,52
2025-07-08T00:24:38.084518,177,188,191,208
2025-07-08T00:24:38.359289,47,52,63,53
2025-07-08T00:24:39.088105,177,188,191,209
2025-07-08T00:24:39.364747,47,52,63,54
2025-07-08T00:24:40.093670,177,188,192,209
2025-07-08T00:24:40.368163,47,52,64,54
2025-07-08T00:24:41.099247,178,188,192,209
2025-07-08T00:24:41.368748,47,53,64,54
2025-07-08T00:24:42.102350,179,188,192,209
2025-07-08T00:24:42.371670,47,54,64,54
2025-07-08T00:24:43.105890,179,189,192,209
2025-07-08T00:24:43.375346,47,54,64,55
2025-07-08T00:24:44.106027,179,190,192,209
2025-07-08T00:24:44.380607,47,55,64,55
2025-07-08T00:24:45.107600,180,190,192,209
2025-07-08T00:24:45.386912,47,55,64,56
2025-07-08T00:24:46.110043,180,191,192,209
2025-07-08T00:24:46.386657,47,55,64,57
2025-07-08T00:24:47.113144,180,191,193,209
2025-07-08T00:24:47.389934,47,55,65,57
2025-07-08T00:24:48.118608,180,191,194,209
2025-07-08T00:24:48.391003,47,55,65,58
2025-07-08T00:24:49.124564,180,192,194,209
2025-07-08T00:24:49.396480,47,55,66,58
2025-07-08T00:24:50.130727,180,192,194,210
2025-07-08T00:24:50.401834,48,55,66,58
2025-07-08T00:24:51.135806,180,192,195,210
2025-07-08T00:24:51.406208,48,56,66,58
2025-07-08T00:24:52.136820,181,192,195,210
2025-07-08T00:24:52.408968,49,56,66,58
2025-07-08T00:24:53.137574,182,192,195,210
2025-07-08T00:24:53.413987,49,57,66,58
2025-07-08T00:24:54.141137,182,193,195,210
2025-07-08T00:24:54.419787,49,58,66,58
2025-07-08T00:24:55.142238,182,193,196,210
2025-07-08T00:24:55.424085,49,58,66,59
2025-07-08T00:24:56.146974,182,194,196,210
2025-07-08T00:24:56.429500,49,59,66,59
2025-07-08T00:24:57.148497,182,194,197,210
2025-07-08T00:24:57.431777,49,59,67,59
2025-07-08T00:24:58.153255,182,194,197,211
2025-07-08T00:24:58.436143,49,59,67,60
2025-07-08T00:24:59.157633,182,195,197,211
2025-07-08T00:24:59.441377,49,59,68,60
2025-07-08T00:25:00.158475,183,195,197,211
2025-07-08T00:25:00.447612,50,59,68,60
2025-07-08T00:25:01.162985,183,195,198,211
2025-07-08T00:25:01.449840,50,60,68,60
2025-07-08T00:25:02.168328,184,195,198,211
2025-07-08T00:25:02.454285,50,61,68,60
2025-07-08T00:25:03.169962,184,196,198,211
2025-07-08T00:25:03.456871,51,61,68,60
2025-07-08T00:25:04.173177,184,196,199,211
2025-07-08T00:25:04.462092,51,61,69,60
2025-07-08T00:25:05.177935,184,197,199,211
2025-07-08T00:25:05.462674,51,61,70,60
2025-07-08T00:25:06.179823,184,197,200,211
2025-07-08T00:25:06.468067,51,61,70,61
2025-07-08T00:25:07.184337,184,197,201,211
2025-07-08T00:25:07.471557,51,62,70,61
2025-07-08T00:25:08.189551,184,197,202,211
2025-07-08T00:25:08.476631,51,62,71,61
2025-07-08T00:25:09.191603,184,197,203,211
2025-07-08T00:25:09.481878,51,62,72,61
2025-07-08T00:25:10.194505,184,197,203,212
2025-07-08T00:25:10.487424,51,62,72,62
2025-07-08T00:25:11.199963,184,198,203,212
2025-07-08T00:25:11.492929,51,62,72,63
2025-07-08T00:25:12.205433,184,198,203,213
2025-07-08T00:25:12.497132,51,62,72,64
2025-07-08T00:25:13.210884,184,198,204,213
2025-07-08T00:25:13.498807,52,62,72,64
2025-07-08T00:25:14.216333,184,198,204,214
2025-07-08T00:25:14.500333,53,62,72,64
2025-07-08T00:25:15.221798,185,198,204,214
2025-07-08T00:25:15.505974,53,63,72,64
2025-07-08T00:25:16.227047,185,199,204,214
2025-07-08T00:25:16.508569,53,64,72,64
2025-07-08T00:25:17.231846,185,199,204,215
2025-07-08T00:25:17.513509,53,64,72,65
2025-07-08T00:25:18.237390,185,200,204,215
2025-07-08T00:25:18.515166,53,64,73,65
2025-07-08T00:25:19.242854,185,201,204,215
2025-07-08T00:25:19.520243,53,64,74,65
2025-07-08T00:25:20.245901,185,201,204,216
2025-07-08T00:25:20.525224,53,65,74,65
2025-07-08T00:25:21.249506,185,201,205,216
2025-07-08T00:25:21.526577,53,66,74,65
2025-07-08T00:25:22.250508,186,201,205,216
2025-07-08T00:25:22.531948,54,66,74,65
2025-07-08T00:25:23.254839,186,202,205,216
2025-07-08T00:25:23.537069,55,66,74,65
2025-07-08T00:25:24.260356,186,202,206,216
2025-07-08T00:25:24.542207,55,67,74,65
2025-07-08T00:25:25.265834,186,203,206,216
2025-07-08T00:25:25.547783,55,67,75,65
2025-07-08T00:25:26.268111,187,203,206,216
2025-07-08T00:25:26.552761,55,67,75,66
2025-07-08T00:25:27.273596,188,203,206,216
2025-07-08T00:25:27.558211,55,68,75,66
2025-07-08T00:25:28.279073,188,203,206,217
2025-07-08T00:25:28.563305,55,68,76,66
2025-07-08T00:25:29.283894,188,203,206,218
2025-07-08T00:25:29.568374,55,69,76,66
2025-07-08T00:25:30.288393,188,203,206,219
2025-07-08T00:25:30.573971,56,69,76,66
2025-07-08T00:25:31.293326,188,204,206,219
2025-07-08T00:25:31.579372,56,69,76,67
2025-07-08T00:25:32.298888,188,205,206,219
2025-07-08T00:25:32.582960,56,70,76,67
2025-07-08T00:25:33.303462,188,206,206,219
2025-07-08T00:25:33.585599,56,70,76,68
2025-07-08T00:25:34.308984,189,206,206,219
2025-07-08T00:25:34.590711,56,70,77,68
2025-07-08T00:25:35.312882,190,206,206,219
2025-07-08T00:25:35.596714,56,71,77,68
2025-07-08T00:25:36.317263,191,206,206,219
2025-07-08T00:25:36.600774,57,71,77,68
2025-07-08T00:25:37.320075,191,206,206,220
2025-07-08T00:25:37.603450,57,71,78,68
2025-07-08T00:25:38.323723,191,206,206,221
2025-07-08T00:25:38.604767,57,72,78,68
2025-07-08T00:25:39.328588,191,206,207,221
2025-07-08T00:25:39.609900,57,73,78,68
2025-07-08T00:25:40.331406,191,207,207,221
2025-07-08T00:25:40.615135,57,73,78,69
2025-07-08T00:25:41.332066,191,207,207,222
2025-07-08T00:25:41.615960,58,73,78,69
2025-07-08T00:25:42.333654,192,207,207,222
2025-07-08T00:25:42.620120,58,73,78,70
2025-07-08T00:25:43.338687,192,208,207,222
2025-07-08T00:25:43.625303,58,73,78,71
2025-07-08T00:25:44.342205,193,208,207,222
2025-07-08T00:25:44.630435,58,73,79,71
2025-07-08T00:25:45.347661,194,208,207,222
2025-07-08T00:25:45.635938,59,73,79,71
2025-07-08T00:25:46.348789,195,208,207,222
2025-07-08T00:25:46.641399,59,73,80,71
2025-07-08T00:25:47.354299,195,208,208,222
2025-07-08T00:25:47.646803,59,73,80,72
2025-07-08T00:25:48.355585,195,208,208,223
2025-07-08T00:25:48.647952,59,73,80,73
2025-07-08T00:25:49.356322,195,208,208,224
2025-07-08T00:25:49.653039,60,73,80,73
2025-07-08T00:25:50.361420,195,208,209,224
2025-07-08T00:25:50.658740,60,73,80,74
2025-07-08T00:25:51.366980,195,209,209,224
2025-07-08T00:25:51.661691,60,73,80,75
2025-07-08T00:25:52.368036,195,209,209,225
2025-07-08T00:25:52.667282,60,73,80,76
2025-07-08T00:25:53.373491,195,209,209,226
2025-07-08T00:25:53.670168,60,74,80,76
2025-07-08T00:25:54.378974,195,209,210,226
2025-07-08T00:25:54.675293,61,74,80,76
2025-07-08T00:25:55.384432,195,209,210,227
2025-07-08T00:25:55.681370,61,74,80,77
2025-07-08T00:25:56.386068,196,209,210,227
2025-07-08T00:25:56.686288,61,75,80,77
2025-07-08T00:25:57.391042,196,209,210,228
2025-07-08T00:25:57.691773,61,75,81,77
2025-07-08T00:25:58.396588,197,209,210,228
2025-07-08T00:25:58.697246,61,75,82,77
2025-07-08T00:25:59.398804,197,209,210,229
2025-07-08T00:25:59.702168,61,75,82,78
2025-07-08T00:26:00.400640,197,209,210,230
2025-07-08T00:26:00.707634,61,75,83,78
2025-07-08T00:26:01.405105,197,209,211,230
2025-07-08T00:26:01.713092,61,75,84,78
2025-07-08T00:26:02.410412,197,209,211,231
2025-07-08T00:26:02.716471,61,76,84,78
2025-07-08T00:26:03.415493,197,209,212,231
2025-07-08T00:26:03.721976,61,77,84,78
2025-07-08T00:26:04.420838,197,209,213,231
2025-07-08T00:26:04.725140,61,77,85,78
2025-07-08T00:26:05.426324,198,209,213,231
2025-07-08T00:26:05.730831,61,77,86,78
2025-07-08T00:26:06.428526,199,209,213,231
2025-07-08T00:26:06.732115,61,77,87,78
2025-07-08T00:26:07.432243,199,210,213,231
2025-07-08T00:26:07.736932,61,78,87,78
2025-07-08T00:26:08.437455,199,211,213,231
2025-07-08T00:26:08.737793,62,78,87,78
2025-07-08T00:26:09.443075,199,212,213,231
2025-07-08T00:26:09.745335,62,79,87,78
2025-07-08T00:26:10.447839,199,212,213,232
2025-07-08T00:26:10.747256,62,79,88,78
2025-07-08T00:26:11.450595,199,212,214,232
2025-07-08T00:26:11.748872,62,79,88,79
2025-07-08T00:26:12.454288,199,213,214,232
2025-07-08T00:26:12.754399,63,79,88,79
2025-07-08T00:26:13.458556,200,213,214,232
2025-07-08T00:26:13.757478,63,80,88,79
2025-07-08T00:26:14.464591,200,214,214,232
2025-07-08T00:26:14.763043,63,80,88,80
2025-07-08T00:26:15.469581,200,214,214,233
2025-07-08T00:26:15.764525,63,80,88,81
2025-07-08T00:26:16.474003,200,215,214,233
2025-07-08T00:26:16.767943,63,80,89,81
2025-07-08T00:26:17.479491,200,215,215,233
2025-07-08T00:26:17.773521,63,80,90,81
2025-07-08T00:26:18.484529,200,216,215,233
2025-07-08T00:26:18.778574,63,80,91,81
2025-07-08T00:26:19.490029,200,216,215,234
2025-07-08T00:26:19.784273,64,80,91,81
2025-07-08T00:26:20.495589,200,216,216,234
2025-07-08T00:26:20.787549,64,80,91,82
2025-07-08T00:26:21.501046,200,216,216,235
2025-07-08T00:26:21.789114,65,80,91,82
2025-07-08T00:26:22.506510,201,216,216,235
2025-07-08T00:26:22.790687,66,80,91,82
2025-07-08T00:26:23.511615,201,216,217,235
2025-07-08T00:26:23.795414,66,80,92,82
2025-07-08T00:26:24.513824,201,216,218,235
2025-07-08T00:26:24.799781,66,80,92,83
2025-07-08T00:26:25.519417,201,216,219,235
2025-07-08T00:26:25.802548,66,81,92,83
2025-07-08T00:26:26.525399,201,216,219,236
2025-07-08T00:26:26.808022,67,81,92,83
2025-07-08T00:26:27.530856,201,216,219,237
2025-07-08T00:26:27.813475,67,81,92,84
2025-07-08T00:26:28.534106,201,216,220,237
2025-07-08T00:26:28.815354,67,82,92,84
2025-07-08T00:26:29.539345,202,216,220,237
2025-07-08T00:26:29.820872,68,82,92,84
2025-07-08T00:26:30.544952,202,217,220,237
2025-07-08T00:26:30.824128,68,82,93,84
2025-07-08T00:26:31.550425,202,218,220,237
2025-07-08T00:26:31.828777,68,82,94,84
2025-07-08T00:26:32.554369,202,218,220,238
2025-07-08T00:26:32.829514,68,82,95,84
2025-07-08T00:26:33.559783,202,219,220,238
2025-07-08T00:26:33.832681,68,83,95,84
2025-07-08T00:26:34.560245,202,219,221,238
2025-07-08T00:26:34.833656,69,83,95,84
2025-07-08T00:26:35.566272,202,220,221,238
2025-07-08T00:26:35.834187,69,84,95,84
2025-07-08T00:26:36.571060,202,220,221,239
2025-07-08T00:26:36.835807,69,84,96,84
2025-07-08T00:26:37.576479,203,220,221,239
2025-07-08T00:26:37.841317,69,84,96,85
2025-07-08T00:26:38.578362,203,221,221,239
2025-07-08T00:26:38.845876,70,84,96,85
2025-07-08T00:26:39.583494,203,221,221,240
2025-07-08T00:26:39.850066,70,84,97,85
2025-07-08T00:26:40.589051,203,221,222,240
2025-07-08T00:26:40.853022,70,84,97,86
2025-07-08T00:26:41.592406,203,221,223,240
2025-07-08T00:26:41.853842,70,84,98,86
2025-07-08T00:26:42.597424,203,222,223,240
2025-07-08T00:26:42.859443,70,85,98,86
2025-07-08T00:26:43.602107,203,223,223,240
2025-07-08T00:26:43.864959,71,85,98,86
2025-07-08T00:26:44.607197,204,223,223,240
2025-07-08T00:26:44.870308,71,85,98,87
2025-07-08T00:26:45.612734,204,223,223,241
2025-07-08T00:26:45.872297,71,85,99,87
2025-07-08T00:26:46.618185,204,224,223,241
2025-07-08T00:26:46.873518,72,85,99,87
2025-07-08T00:26:47.619700,204,225,223,241
2025-07-08T00:26:47.879075,73,85,99,87
2025-07-08T00:26:48.624794,204,225,223,242
2025-07-08T00:26:48.880024,73,86,99,87
2025-07-08T00:26:49.629918,204,226,223,242
2025-07-08T00:26:49.885137,73,86,100,87
2025-07-08T00:26:50.635496,204,227,223,242
2025-07-08T00:26:50.888500,73,86,100,88
2025-07-08T00:26:51.639424,205,227,223,242
2025-07-08T00:26:51.889847,74,86,100,88
2025-07-08T00:26:52.641363,206,227,223,242
2025-07-08T00:26:52.892992,75,86,100,88
2025-07-08T00:26:53.641651,206,228,223,242
2025-07-08T00:26:53.898394,75,86,100,89
2025-07-08T00:26:54.646777,206,228,224,242
2025-07-08T00:26:54.900894,76,86,100,89
2025-07-08T00:26:55.652229,206,229,224,242
2025-07-08T00:26:55.903490,76,86,101,89
2025-07-08T00:26:56.656624,206,230,224,242
2025-07-08T00:26:56.904423,76,86,102,89
2025-07-08T00:26:57.662158,206,230,225,242
2025-07-08T00:26:57.909949,76,87,102,89
2025-07-08T00:26:58.665491,207,230,225,242
2025-07-08T00:26:58.912795,77,87,102,89
2025-07-08T00:26:59.670591,207,230,225,243
2025-07-08T00:26:59.918161,77,87,102,90
2025-07-08T00:27:00.675631,207,230,226,243
2025-07-08T00:27:00.918906,78,87,102,90
2025-07-08T00:27:01.681327,207,230,227,243
2025-07-08T00:27:01.920057,79,87,102,90
2025-07-08T00:27:02.682508,208,230,227,243
2025-07-08T00:27:02.925605,79,87,102,91
2025-07-08T00:27:03.687239,208,231,227,243
2025-07-08T00:27:03.925999,79,88,102,91
2025-07-08T00:27:04.690988,209,231,227,243
2025-07-08T00:27:04.928642,79,88,102,92
2025-07-08T00:27:05.696575,209,231,227,244
2025-07-08T00:27:05.933038,80,88,102,92
2025-07-08T00:27:06.702025,209,231,228,244
2025-07-08T00:27:06.936850,80,88,102,93
2025-07-08T00:27:07.708517,209,232,228,244
2025-07-08T00:27:07.942193,80,88,103,93
2025-07-08T00:27:08.712364,209,232,228,245
2025-07-08T00:27:08.945577,81,88,103,93
2025-07-08T00:27:09.716140,209,233,228,245
2025-07-08T00:27:09.949684,81,89,103,93
2025-07-08T00:27:10.721551,209,234,228,245
2025-07-08T00:27:10.953844,81,90,103,93
2025-07-08T00:27:11.727056,209,234,229,245
2025-07-08T00:27:11.958179,81,90,103,94
2025-07-08T00:27:12.728276,209,234,229,246
2025-07-08T00:27:12.962488,81,90,103,95
2025-07-08T00:27:13.732823,209,234,230,246
2025-07-08T00:27:13.967610,81,91,103,95
2025-07-08T00:27:14.738018,209,234,231,246
2025-07-08T00:27:14.972673,81,92,103,95
2025-07-08T00:27:15.743570,209,235,231,246
2025-07-08T00:27:15.974488,82,92,103,95
2025-07-08T00:27:16.747872,210,235,231,246
2025-07-08T00:27:16.979582,82,92,104,95
2025-07-08T00:27:17.754274,210,236,231,246
2025-07-08T00:27:17.980661,83,92,104,95
2025-07-08T00:27:18.758800,210,237,231,246
2025-07-08T00:27:18.986234,84,92,104,95
2025-07-08T00:27:19.764806,210,237,232,246
2025-07-08T00:27:19.989300,84,92,105,95
2025-07-08T00:27:20.766542,211,237,232,246
2025-07-08T00:27:20.992293,84,93,105,95
2025-07-08T00:27:21.768918,212,237,232,246
2025-07-08T00:27:21.993945,84,93,106,95
2025-07-08T00:27:22.771090,213,237,232,246
2025-07-08T00:27:22.996726,84,94,106,95
2025-07-08T00:27:23.771697,213,237,233,246
2025-07-08T00:27:23.998964,85,94,106,95
2025-07-08T00:27:24.775407,213,237,234,246
2025-07-08T00:27:25.004175,85,94,107,95
2025-07-08T00:27:25.779285,214,237,234,246
2025-07-08T00:27:26.004193,85,94,107,96
2025-07-08T00:27:26.784418,214,237,235,246
2025-07-08T00:27:27.009306,85,95,107,96
2025-07-08T00:27:27.789175,214,237,235,247
2025-07-08T00:27:28.014780,86,95,107,96
2025-07-08T00:27:28.791086,214,238,235,247
2025-07-08T00:27:29.020619,86,96,107,96
2025-07-08T00:27:29.793878,215,238,235,247
2025-07-08T00:27:30.023570,87,96,107,96
2025-07-08T00:27:30.798012,215,238,236,247
2025-07-08T00:27:31.028969,88,96,107,96
2025-07-08T00:27:31.803596,215,238,237,247
2025-07-08T00:27:32.034040,88,96,108,96
2025-07-08T00:27:32.808993,215,238,238,247
2025-07-08T00:27:33.039536,89,96,108,96
2025-07-08T00:27:33.814553,215,239,238,247
2025-07-08T00:27:34.045034,89,96,109,96
2025-07-08T00:27:34.816575,215,240,238,247
2025-07-08T00:27:35.049863,89,96,110,96
2025-07-08T00:27:35.821969,216,240,238,247
2025-07-08T00:27:36.054047,90,96,110,96
2025-07-08T00:27:36.827412,216,240,238,248
2025-07-08T00:27:37.057936,90,97,110,96
2025-07-08T00:27:37.832954,216,240,238,249
2025-07-08T00:27:38.063391,90,97,111,96
2025-07-08T00:27:38.837353,216,241,238,249
2025-07-08T00:27:39.067319,91,97,111,96
2025-07-08T00:27:39.842900,216,242,238,249
2025-07-08T00:27:40.070894,91,98,111,96
2025-07-08T00:27:40.843830,216,242,238,250
2025-07-08T00:27:41.076337,92,98,111,96
2025-07-08T00:27:41.849298,217,242,238,250
2025-07-08T00:27:42.079435,93,98,111,96
2025-07-08T00:27:42.853039,217,242,238,251
2025-07-08T00:27:43.083213,93,98,111,97
2025-07-08T00:27:43.858452,217,242,239,251
2025-07-08T00:27:44.086101,93,99,111,97
2025-07-08T00:27:44.863547,217,243,239,251
2025-07-08T00:27:45.091543,93,99,111,98
2025-07-08T00:27:45.866798,217,244,239,251
2025-07-08T00:27:46.093029,93,99,111,99
2025-07-08T00:27:46.871743,218,244,239,251
2025-07-08T00:27:47.098216,94,99,111,99
2025-07-08T00:27:47.876792,219,244,239,251
2025-07-08T00:27:48.103760,94,100,111,99
2025-07-08T00:27:48.884084,219,245,239,251
2025-07-08T00:27:49.106668,94,100,112,99
2025-07-08T00:27:49.889064,219,245,239,252
2025-07-08T00:27:50.110418,95,100,112,99
2025-07-08T00:27:50.891633,219,246,239,252
2025-07-08T00:27:51.118091,95,101,112,99
2025-07-08T00:27:51.893120,219,246,239,253
2025-07-08T00:27:52.122874,95,101,112,100
2025-07-08T00:27:52.894608,219,246,240,253
2025-07-08T00:27:53.128327,96,101,112,100
2025-07-08T00:27:53.901063,219,246,241,253
2025-07-08T00:27:54.132738,96,102,112,100
2025-07-08T00:27:54.904229,220,246,241,253
2025-07-08T00:27:55.134540,97,102,112,100
2025-07-08T00:27:55.909300,220,246,242,253
2025-07-08T00:27:56.139728,97,102,113,100
2025-07-08T00:27:56.910371,221,246,242,253
2025-07-08T00:27:57.142637,97,102,113,101
2025-07-08T00:27:57.915535,221,247,242,253
2025-07-08T00:27:58.143528,97,102,113,102
2025-07-08T00:27:58.918935,222,247,242,253
2025-07-08T00:27:59.144869,97,103,113,102
2025-07-08T00:27:59.921939,222,247,243,253
2025-07-08T00:28:00.147313,97,104,113,102
2025-07-08T00:28:00.926015,222,247,243,254
2025-07-08T00:28:01.151872,97,104,114,102
2025-07-08T00:28:01.926699,222,248,243,254
2025-07-08T00:28:02.157117,98,104,114,102
2025-07-08T00:28:02.931957,222,248,243,255
2025-07-08T00:28:03.162167,98,104,114,103
2025-07-08T00:28:03.932514,223,248,243,255
2025-07-08T00:28:04.167168,98,104,114,104
2025-07-08T00:28:04.937284,223,249,243,255
2025-07-08T00:28:05.170601,98,104,115,104
2025-07-08T00:28:05.942511,223,250,243,255
2025-07-08T00:28:06.173861,99,104,115,104
2025-07-08T00:28:06.943573,223,250,244,255
2025-07-08T00:28:07.174020,100,104,115,104
2025-07-08T00:28:07.946495,223,250,245,255
2025-07-08T00:28:08.178809,100,104,116,104
2025-07-08T00:28:08.947782,223,251,245,255
2025-07-08T00:28:09.179409,100,105,116,104
2025-07-08T00:28:09.952704,223,251,246,255
2025-07-08T00:28:10.182483,101,105,116,104
2025-07-08T00:28:10.953978,223,252,246,255
2025-07-08T00:28:11.183061,101,106,116,104
2025-07-08T00:28:11.956465,224,252,246,255
2025-07-08T00:28:12.187242,101,107,116,104
2025-07-08T00:28:12.959620,225,252,246,255
2025-07-08T00:28:13.192429,101,107,117,104
2025-07-08T00:28:13.965316,225,253,246,255
2025-07-08T00:28:14.198679,101,107,118,104
2025-07-08T00:28:14.970421,225,253,246,256
2025-07-08T00:28:15.199545,101,107,119,104
2025-07-08T00:28:15.976772,225,253,247,256
2025-07-08T00:28:16.202186,101,107,120,104
2025-07-08T00:28:16.978073,225,253,248,256
2025-07-08T00:28:17.207508,101,107,121,104
2025-07-08T00:28:17.983634,226,253,248,256
2025-07-08T00:28:18.213055,101,107,122,104
2025-07-08T00:28:18.987861,226,254,248,256
2025-07-08T00:28:19.216240,102,107,122,104
2025-07-08T00:28:19.992743,227,254,248,256
2025-07-08T00:28:20.221693,102,108,122,104
2025-07-08T00:28:20.998231,227,254,248,257
2025-07-08T00:28:21.226435,102,108,122,105
2025-07-08T00:28:22.003324,227,254,249,257
2025-07-08T00:28:22.231910,102,108,123,105
2025-07-08T00:28:23.008913,227,255,249,257
2025-07-08T00:28:23.235126,103,108,123,105
2025-07-08T00:28:24.014274,228,255,249,257
2025-07-08T00:28:24.240199,103,109,123,105
2025-07-08T00:28:25.019754,228,256,249,257
2025-07-08T00:28:25.245735,104,109,123,105
2025-07-08T00:28:26.023680,229,256,249,257
2025-07-08T00:28:26.250853,104,109,124,105
2025-07-08T00:28:27.023905,229,256,249,258
2025-07-08T00:28:27.253860,105,109,124,105
2025-07-08T00:28:28.029111,229,256,249,259
2025-07-08T00:28:28.259289,105,109,124,106
2025-07-08T00:28:29.034296,229,256,250,259
2025-07-08T00:28:29.262816,105,109,125,106
2025-07-08T00:28:30.039889,229,256,251,259
2025-07-08T00:28:30.267126,105,109,126,106
2025-07-08T00:28:31.041732,229,256,252,259
2025-07-08T00:28:31.267431,106,109,126,106
2025-07-08T00:28:32.045577,229,256,252,260
2025-07-08T00:28:32.273924,107,109,126,106
2025-07-08T00:28:33.047494,229,256,252,261
2025-07-08T00:28:33.279226,107,109,127,106
2025-07-08T00:28:34.048525,230,256,252,261
2025-07-08T00:28:34.283124,107,109,127,107
2025-07-08T00:28:35.054584,230,257,252,261
2025-07-08T00:28:35.286458,107,109,128,107
2025-07-08T00:28:36.058374,231,257,252,261
2025-07-08T00:28:36.291361,107,109,129,107
2025-07-08T00:28:37.063460,231,258,252,261
2025-07-08T00:28:37.297521,108,109,129,107
2025-07-08T00:28:38.068864,232,258,252,261
2025-07-08T00:28:38.300285,108,110,129,107
2025-07-08T00:28:39.073172,232,258,252,262
2025-07-08T00:28:39.306010,108,110,130,107
2025-07-08T00:28:40.072827,232,259,252,262
2025-07-08T00:28:40.308334,109,110,130,107
2025-07-08T00:28:41.076905,232,259,252,263
2025-07-08T00:28:41.313514,109,110,130,108
2025-07-08T00:28:42.080774,232,260,252,263
2025-07-08T00:28:42.318962,109,110,130,109
2025-07-08T00:28:43.086213,233,260,252,263
2025-07-08T00:28:43.323954,109,110,130,110
2025-07-08T00:28:44.088264,233,261,252,263
2025-07-08T00:28:44.325421,110,110,130,110
2025-07-08T00:28:45.093880,233,261,253,263
2025-07-08T00:28:45.329114,111,110,130,110
2025-07-08T00:28:46.099578,234,261,253,263
2025-07-08T00:28:46.334681,112,110,130,110
2025-07-08T00:28:47.101311,234,262,253,263
2025-07-08T00:28:47.340233,112,110,131,110
2025-07-08T00:28:48.106745,235,262,253,263
2025-07-08T00:28:48.345633,112,110,132,110
2025-07-08T00:28:49.112296,235,263,253,263
2025-07-08T00:28:49.350408,112,111,132,110
2025-07-08T00:28:50.117787,235,263,253,264
2025-07-08T00:28:50.354220,112,111,133,110
2025-07-08T00:28:51.122723,236,263,253,264
2025-07-08T00:28:51.357650,112,112,133,110
2025-07-08T00:28:52.125527,237,263,253,264
2025-07-08T00:28:52.363059,112,113,133,110
2025-07-08T00:28:53.131085,237,264,253,264
2025-07-08T00:28:53.368533,112,114,133,110
2025-07-08T00:28:54.133838,238,264,253,264
2025-07-08T00:28:54.373011,112,114,133,111
2025-07-08T00:28:55.135489,238,264,254,264
2025-07-08T00:28:55.375183,113,114,133,111
2025-07-08T00:28:56.138998,238,265,254,264
2025-07-08T00:28:56.380255,113,115,133,111
2025-07-08T00:28:57.144204,238,265,255,264
2025-07-08T00:28:57.385638,113,115,134,111
2025-07-08T00:28:58.149748,238,265,255,265
2025-07-08T00:28:58.387643,114,115,134,111
2025-07-08T00:28:59.154114,239,265,255,265
2025-07-08T00:28:59.392278,114,115,135,111
2025-07-08T00:29:00.159665,239,265,255,266
2025-07-08T00:29:00.395568,114,115,135,112
2025-07-08T00:29:01.164304,240,265,255,266
2025-07-08T00:29:01.400061,115,115,135,112
2025-07-08T00:29:02.164391,241,265,255,266
2025-07-08T00:29:02.401858,115,115,135,113
2025-07-08T00:29:03.169715,241,265,256,266
2025-07-08T00:29:03.407102,115,116,135,113
2025-07-08T00:29:04.171275,241,266,256,266
2025-07-08T00:29:04.411212,115,116,136,113
2025-07-08T00:29:05.176481,241,266,256,267
2025-07-08T00:29:05.415803,115,116,136,114
2025-07-08T00:29:06.180782,241,266,257,267
2025-07-08T00:29:06.419052,115,116,136,115
2025-07-08T00:29:07.182346,242,266,257,267
2025-07-08T00:29:07.422180,115,117,136,115
2025-07-08T00:29:08.182905,242,267,257,267
2025-07-08T00:29:08.424478,116,117,136,115
2025-07-08T00:29:09.188353,242,268,257,267
2025-07-08T00:29:09.429940,116,117,137,115
2025-07-08T00:29:10.193739,242,268,257,268
2025-07-08T00:29:10.434505,116,117,137,116
2025-07-08T00:29:11.198935,242,268,257,269
2025-07-08T00:29:11.439456,116,117,138,116
2025-07-08T00:29:12.204439,242,269,257,269
2025-07-08T00:29:12.444886,116,118,138,116
2025-07-08T00:29:13.209668,242,270,257,269
2025-07-08T00:29:13.450415,117,118,138,116
2025-07-08T00:29:14.214857,242,270,257,270
2025-07-08T00:29:14.455951,118,118,138,116
2025-07-08T00:29:15.217211,243,270,257,270
2025-07-08T00:29:15.457636,119,118,138,116
2025-07-08T00:29:16.222263,243,271,257,270
2025-07-08T00:29:16.462883,119,118,138,117
2025-07-08T00:29:17.224145,244,271,257,270
2025-07-08T00:29:17.468072,119,119,138,117
2025-07-08T00:29:18.226092,244,271,257,271
2025-07-08T00:29:18.473307,119,119,138,118
2025-07-08T00:29:19.228023,244,271,258,271
2025-07-08T00:29:19.478032,119,119,139,118
2025-07-08T00:29:20.233157,244,272,258,271
2025-07-08T00:29:20.478373,119,119,139,119
2025-07-08T00:29:21.237691,244,272,259,271
2025-07-08T00:29:21.479591,119,119,140,119
2025-07-08T00:29:22.242961,245,272,259,271
2025-07-08T00:29:22.480615,119,120,140,119
2025-07-08T00:29:23.244270,245,272,259,272
2025-07-08T00:29:23.481584,119,121,140,119
2025-07-08T00:29:24.249740,245,272,259,273
2025-07-08T00:29:24.486824,119,122,140,119
2025-07-08T00:29:25.253543,245,273,259,273
2025-07-08T00:29:25.488406,120,122,140,119
2025-07-08T00:29:26.256035,245,273,259,274
2025-07-08T00:29:26.490865,120,123,140,119
2025-07-08T00:29:27.256768,245,273,259,275
2025-07-08T00:29:27.492970,121,123,140,119
2025-07-08T00:29:28.259045,245,273,260,275
2025-07-08T00:29:28.493879,121,123,140,120
2025-07-08T00:29:29.264604,245,274,260,275
2025-07-08T00:29:29.497474,122,123,140,120
2025-07-08T00:29:30.268059,245,274,260,276
2025-07-08T00:29:30.503164,122,123,141,120
2025-07-08T00:29:31.273496,245,275,260,276
2025-07-08T00:29:31.507368,122,124,141,120
2025-07-08T00:29:32.274403,245,276,260,276
2025-07-08T00:29:32.509331,122,125,141,120
2025-07-08T00:29:33.280959,245,276,260,277
2025-07-08T00:29:33.513130,122,125,141,121
2025-07-08T00:29:34.286528,245,276,260,278
2025-07-08T00:29:34.513625,122,125,141,122
2025-07-08T00:29:35.286437,245,276,261,278
2025-07-08T00:29:35.518837,122,126,141,122
2025-07-08T00:29:36.294738,246,276,261,278
2025-07-08T00:29:36.523955,123,126,141,122
2025-07-08T00:29:37.298372,246,277,261,278
2025-07-08T00:29:37.529472,123,126,141,123
2025-07-08T00:29:38.302429,247,277,261,278
2025-07-08T00:29:38.532520,123,126,141,124
2025-07-08T00:29:39.307823,247,277,262,278
2025-07-08T00:29:39.541142,123,126,142,124
2025-07-08T00:29:40.314632,248,277,262,278
2025-07-08T00:29:40.546274,124,126,142,124
2025-07-08T00:29:41.314752,248,277,263,278
2025-07-08T00:29:41.550384,124,126,142,125
2025-07-08T00:29:42.317576,248,277,263,279
2025-07-08T00:29:42.551701,124,127,142,125
2025-07-08T00:29:43.318929,248,277,264,279
2025-07-08T00:29:43.555856,124,127,142,126
2025-07-08T00:29:44.319657,249,277,264,279
2025-07-08T00:29:44.563792,124,127,142,127
2025-07-08T00:29:45.322176,249,277,264,280
2025-07-08T00:29:45.568179,124,127,142,128
2025-07-08T00:29:46.327147,249,278,264,280
2025-07-08T00:29:46.571784,124,128,142,128
2025-07-08T00:29:47.329982,250,278,264,280
2025-07-08T00:29:47.577312,124,129,142,128
2025-07-08T00:29:48.331999,250,278,265,280
2025-07-08T00:29:48.577231,125,129,142,128
2025-07-08T00:29:49.335452,250,278,266,280
2025-07-08T00:29:49.580343,125,130,142,128
2025-07-08T00:29:50.340774,250,278,267,280
2025-07-08T00:29:50.585725,125,130,142,129
2025-07-08T00:29:51.342324,250,278,268,280
2025-07-08T00:29:51.587925,125,130,143,129
2025-07-08T00:29:52.348148,250,278,269,280
2025-07-08T00:29:52.588447,125,130,143,130
2025-07-08T00:29:53.351891,250,278,270,280
2025-07-08T00:29:53.589457,126,130,143,130
2025-07-08T00:29:54.356606,250,279,270,280
2025-07-08T00:29:54.594661,126,130,144,130
2025-07-08T00:29:55.362358,250,279,270,281
2025-07-08T00:29:55.595034,126,131,144,130
2025-07-08T00:29:56.369937,250,280,270,281
2025-07-08T00:29:56.599969,126,131,144,131
2025-07-08T00:29:57.375070,250,280,270,282
2025-07-08T00:29:57.603321,127,131,144,131
2025-07-08T00:29:58.382502,251,280,270,282
2025-07-08T00:29:58.605680,127,131,144,132
2025-07-08T00:29:59.385679,251,280,271,282
2025-07-08T00:29:59.610857,127,132,144,132
2025-07-08T00:30:00.389035,252,280,271,282
2025-07-08T00:30:00.616309,128,132,144,132
2025-07-08T00:30:01.394113,252,280,271,283
2025-07-08T00:30:01.619081,128,133,144,132
2025-07-08T00:30:02.396852,252,280,272,283
2025-07-08T00:30:02.625015,129,133,144,132
2025-07-08T00:30:03.402330,252,280,272,284
2025-07-08T00:30:03.625987,129,133,145,132
2025-07-08T00:30:04.406029,253,280,272,284
2025-07-08T00:30:04.627641,130,133,145,132
2025-07-08T00:30:05.409641,253,281,272,284
2025-07-08T00:30:05.633137,130,134,145,132
2025-07-08T00:30:06.415256,253,281,272,285
2025-07-08T00:30:06.637839,130,135,145,132
2025-07-08T00:30:07.419444,253,282,272,285
2025-07-08T00:30:07.643992,130,135,145,133
2025-07-08T00:30:08.422960,254,282,272,285
2025-07-08T00:30:08.648023,130,136,145,133
2025-07-08T00:30:09.429252,255,282,272,285
2025-07-08T00:30:09.652676,130,137,145,133
2025-07-08T00:30:10.433661,255,282,272,286
2025-07-08T00:30:10.656357,130,137,145,134
2025-07-08T00:30:11.439498,255,283,272,286
2025-07-08T00:30:11.661496,131,137,145,134
2025-07-08T00:30:12.442387,255,284,272,286
2025-07-08T00:30:12.664532,132,137,145,134
2025-07-08T00:30:13.446985,256,284,272,286
2025-07-08T00:30:13.665361,133,137,145,134
2025-07-08T00:30:14.448837,257,284,272,286
2025-07-08T00:30:14.668380,133,137,145,135
2025-07-08T00:30:15.454219,257,284,273,286
2025-07-08T00:30:15.668861,133,137,146,135
2025-07-08T00:30:16.458831,257,284,274,286
2025-07-08T00:30:16.674745,133,137,146,136
2025-07-08T00:30:17.463928,257,285,274,286
2025-07-08T00:30:17.678133,133,137,147,136
2025-07-08T00:30:18.463818,257,285,274,287
2025-07-08T00:30:18.680006,133,137,147,137
2025-07-08T00:30:19.468571,257,286,274,287
2025-07-08T00:30:19.680385,133,137,147,138
2025-07-08T00:30:20.474055,257,287,274,287
2025-07-08T00:30:20.685702,133,138,147,138
2025-07-08T00:30:21.478158,258,287,274,287
2025-07-08T00:30:21.687709,133,138,148,138
2025-07-08T00:30:22.484407,258,287,274,288
2025-07-08T00:30:22.693507,133,138,149,138
2025-07-08T00:30:23.487863,258,287,275,288
2025-07-08T00:30:23.695252,133,138,149,139
2025-07-08T00:30:24.492910,258,287,276,288
2025-07-08T00:30:24.698744,133,139,149,139
2025-07-08T00:30:25.498402,258,287,277,288
2025-07-08T00:30:25.704757,133,139,150,139
2025-07-08T00:30:26.501735,258,288,277,288
2025-07-08T00:30:26.708976,133,139,150,140
2025-07-08T00:30:27.507619,258,289,277,288
2025-07-08T00:30:27.717764,133,139,151,140
2025-07-08T00:30:28.512970,258,289,277,289
2025-07-08T00:30:28.718220,133,140,151,140
2025-07-08T00:30:29.516973,258,289,278,289
2025-07-08T00:30:29.722230,134,140,151,140
2025-07-08T00:30:30.517845,258,289,279,289
2025-07-08T00:30:30.728059,134,140,152,140
2025-07-08T00:30:31.521901,258,289,279,290
2025-07-08T00:30:31.729889,134,140,153,140
2025-07-08T00:30:32.523059,258,290,279,290
2025-07-08T00:30:32.736184,134,141,153,140
2025-07-08T00:30:33.527981,258,291,279,290
2025-07-08T00:30:33.737619,134,141,153,141
2025-07-08T00:30:34.531872,259,291,279,290
2025-07-08T00:30:34.738873,134,141,153,142
2025-07-08T00:30:35.536974,259,292,279,290
2025-07-08T00:30:35.742255,135,141,153,142
2025-07-08T00:30:36.542470,259,293,279,290
2025-07-08T00:30:36.746872,135,142,153,142
2025-07-08T00:30:37.543845,259,293,280,290
2025-07-08T00:30:37.747266,136,142,153,142
2025-07-08T00:30:38.548863,259,293,280,291
2025-07-08T00:30:38.752361,136,142,153,143
2025-07-08T00:30:39.554402,259,294,280,291
2025-07-08T00:30:39.757490,136,142,154,143
2025-07-08T00:30:40.556591,259,295,280,291
2025-07-08T00:30:40.758809,136,142,154,144
2025-07-08T00:30:41.561791,260,295,280,291
2025-07-08T00:30:41.763214,136,142,154,145
2025-07-08T00:30:42.567442,260,295,281,291
2025-07-08T00:30:42.768638,136,143,154,145
2025-07-08T00:30:43.572710,260,295,282,291
2025-07-08T00:30:43.769741,137,143,154,145
2025-07-08T00:30:44.579705,260,295,283,291
2025-07-08T00:30:44.774857,137,144,154,145
2025-07-08T00:30:45.581948,260,296,283,291
2025-07-08T00:30:45.780081,137,144,154,146
2025-07-08T00:30:46.586226,260,296,284,291
2025-07-08T00:30:46.784536,137,144,154,147
2025-07-08T00:30:47.588171,260,296,284,292
2025-07-08T00:30:47.786122,137,144,154,148
2025-07-08T00:30:48.592177,260,296,285,292
2025-07-08T00:30:48.788090,138,144,154,148
2025-07-08T00:30:49.597038,260,296,285,293
2025-07-08T00:30:49.789895,138,144,155,148
2025-07-08T00:30:50.597649,261,296,285,293
2025-07-08T00:30:50.795074,139,144,155,148
2025-07-08T00:30:51.602283,261,297,285,293
2025-07-08T00:30:51.800395,139,144,155,149
2025-07-08T00:30:52.606365,261,297,285,294
2025-07-08T00:30:52.802697,139,144,155,150
2025-07-08T00:30:53.609046,261,297,285,295
2025-07-08T00:30:53.803312,139,144,155,151
2025-07-08T00:30:54.611949,261,297,285,296
2025-07-08T00:30:54.806334,139,144,155,152
2025-07-08T00:30:55.613457,262,297,285,296
2025-07-08T00:30:55.812970,140,144,155,152
2025-07-08T00:30:56.621095,262,297,285,297
2025-07-08T00:30:56.817882,140,144,156,152
2025-07-08T00:30:57.627268,262,298,285,297
2025-07-08T00:30:57.821380,140,145,156,152
2025-07-08T00:30:58.631893,262,299,285,297
2025-07-08T00:30:58.822367,140,145,157,152
2025-07-08T00:30:59.632553,263,299,285,297
2025-07-08T00:30:59.823700,140,145,157,153
2025-07-08T00:31:00.637991,263,299,286,297
2025-07-08T00:31:00.829049,141,145,157,153
2025-07-08T00:31:01.640216,263,300,286,297
2025-07-08T00:31:01.834196,142,145,157,153
2025-07-08T00:31:02.643557,263,300,286,298
2025-07-08T00:31:02.839435,142,145,158,153
2025-07-08T00:31:03.646896,263,300,287,298
2025-07-08T00:31:03.843756,143,145,158,153
2025-07-08T00:31:04.652096,263,301,287,298
2025-07-08T00:31:04.848785,143,145,159,153
2025-07-08T00:31:05.652689,263,301,287,299
2025-07-08T00:31:05.853412,143,146,159,153
2025-07-08T00:31:06.659244,264,301,287,299
2025-07-08T00:31:06.856639,143,147,159,153
2025-07-08T00:31:07.663571,264,301,288,299
2025-07-08T00:31:07.861407,143,148,159,153
2025-07-08T00:31:08.668112,264,301,289,299
2025-07-08T00:31:08.867194,143,148,160,153
2025-07-08T00:31:09.673253,264,301,290,299
2025-07-08T00:31:09.867254,144,148,160,153
2025-07-08T00:31:10.679612,264,301,291,299
2025-07-08T00:31:10.873097,144,148,160,154
2025-07-08T00:31:11.680876,264,301,291,300
2025-07-08T00:31:11.877660,145,148,160,154
2025-07-08T00:31:12.682864,264,301,291,301
2025-07-08T00:31:12.880977,145,148,161,154
2025-07-08T00:31:13.686814,264,301,292,301
2025-07-08T00:31:13.886024,145,148,161,155
2025-07-08T00:31:14.691974,264,302,292,301
2025-07-08T00:31:14.890267,146,148,161,155
2025-07-08T00:31:15.698005,264,302,293,301
2025-07-08T00:31:15.895671,146,148,161,156
2025-07-08T00:31:16.702749,264,302,294,301
2025-07-08T00:31:16.901095,147,148,161,156
2025-07-08T00:31:17.703380,264,302,294,302
2025-07-08T00:31:17.902879,147,148,161,157
2025-07-08T00:31:18.708369,264,303,294,302
2025-07-08T00:31:18.907359,148,148,161,157
2025-07-08T00:31:19.711903,264,303,295,302
2025-07-08T00:31:19.911312,149,148,161,157
2025-07-08T00:31:20.719363,265,303,295,302
2025-07-08T00:31:20.914505,149,148,162,157
2025-07-08T00:31:21.724910,265,303,295,303
2025-07-08T00:31:21.914477,149,148,163,157
2025-07-08T00:31:22.730067,265,303,296,303
2025-07-08T00:31:22.920318,150,148,163,157
2025-07-08T00:31:23.733974,266,303,296,303
2025-07-08T00:31:23.920481,151,148,163,157
2025-07-08T00:31:24.737366,267,303,296,303
2025-07-08T00:31:24.925816,152,148,163,157
2025-07-08T00:31:25.742947,267,303,297,303
2025-07-08T00:31:25.930718,152,149,163,157
2025-07-08T00:31:26.747280,268,303,297,303
2025-07-08T00:31:26.934552,152,149,163,158
2025-07-08T00:31:27.753018,268,304,297,303
2025-07-08T00:31:27.940104,152,149,163,159
